ride_id,rideable_type,started_at,ended_at,start_station_name,start_station_id,end_station_name,end_station_id,start_lat,start_lng,end_lat,end_lng,member_casual
29C674C5D40D59B7,electric_bike,2024-10-22 16:50:04.343 UTC,2024-10-22 17:08:40.604 UTC,,,,,41.67,-87.64,41.64,-87.63,casual
CEFF4D83F95ABF54,electric_bike,2024-06-29 08:54:44.106 UTC,2024-06-29 08:58:56.465 UTC,,,,,41.66,-87.55,41.65,-87.54,member
6333E1716D21C8D8,electric_bike,2024-09-18 12:54:02.912 UTC,2024-09-18 13:05:21.009 UTC,,,Eberhart Ave & 131st St,20211,41.66,-87.6,41.658413151101065,-87.610710896988166,casual
C31A00A68B1DE9CA,electric_bike,2024-10-15 07:25:45.666 UTC,2024-10-15 07:28:51.078 UTC,,,Public Rack - Houston Ave & 130th St,936,41.65,-87.55,41.658962,-87.548528,casual
EA1F884F2B341307,electric_bike,2024-08-06 07:13:46.924 UTC,2024-08-06 07:18:41.146 UTC,,,Commercial Ave & 130th St,20213,41.65,-87.54,41.659150427597744,-87.550762295722961,casual
9B18191639F13A20,electric_bike,2024-09-03 06:57:30.286 UTC,2024-09-03 07:02:18.562 UTC,,,Commercial Ave & 130th St,20213,41.65,-87.54,41.659150427597744,-87.550762295722961,casual
E18AD581C06DB486,electric_bike,2024-07-26 17:29:09.394 UTC,2024-07-26 17:35:08.483 UTC,,,Commercial Ave & 130th St,20213,41.67,-87.56,41.659150427597744,-87.550762295722961,casual
11F30D25F9062780,electric_bike,2024-04-15 23:46:38 UTC,2024-04-16 00:05:35 UTC,,,,,41.72,-87.62,41.66,-87.62,casual
551E3E24AF1EE51D,electric_bike,2024-06-19 10:31:36.082 UTC,2024-06-19 10:37:00.584 UTC,,,,,41.66,-87.65,41.66,-87.66,casual
1FEB3D16A33D6154,electric_bike,2024-10-26 14:39:29.15 UTC,2024-10-26 14:42:17.072 UTC,,,,,41.66,-87.6,41.66,-87.6,casual
E2B264B85D12942B,electric_bike,2024-07-03 23:36:01.129 UTC,2024-07-03 23:54:30.462 UTC,,,,,41.72,-87.62,41.66,-87.62,casual
669634D526AEFF21,electric_bike,2024-05-27 19:23:29 UTC,2024-05-27 19:45:16 UTC,,,,,41.72,-87.62,41.66,-87.62,casual
95871488068210EB,electric_bike,2024-09-22 18:08:34.929 UTC,2024-09-22 20:13:22.422 UTC,,,,,41.66,-87.6,41.66,-87.6,casual
05EB191A9E8DFE73,electric_bike,2024-06-07 19:47:57.507 UTC,2024-06-07 20:14:06.785 UTC,,,,,41.72,-87.62,41.66,-87.62,casual
E14D945178B03B42,electric_bike,2024-11-27 06:53:28.479 UTC,2024-11-27 06:57:44.248 UTC,,,,,41.66,-87.62,41.66,-87.6,casual
1F754ECCC5A81413,electric_bike,2024-10-12 01:35:36.94 UTC,2024-10-12 01:49:50.424 UTC,,,,,41.69,-87.61,41.67,-87.63,casual
0AFB7F5324DD27DC,electric_bike,2024-07-07 06:52:52.35 UTC,2024-07-07 06:54:38.108 UTC,,,,,41.67,-87.65,41.67,-87.65,casual
D2FBDB04417FAF18,electric_bike,2024-07-07 16:31:14.713 UTC,2024-07-07 16:37:42.732 UTC,,,,,41.67,-87.64,41.67,-87.64,casual
BEDB4612DCE63F38,electric_bike,2024-07-22 09:34:04.719 UTC,2024-07-22 09:41:33.587 UTC,,,,,41.67,-87.63,41.67,-87.63,casual
F04B6D55A4FD7F9D,electric_bike,2024-04-30 08:48:48 UTC,2024-04-30 09:03:25 UTC,,,Public Rack - Stewart Ave & 123rd St,586,41.72,-87.66,41.670563,-87.632188,casual
63F299284E654D32,electric_bike,2024-01-04 08:32:26 UTC,2024-01-04 08:59:34 UTC,,,Public Rack - Stewart Ave & 123rd St,586,41.72,-87.68,41.670563,-87.632188,casual
844982BB1E15845B,electric_bike,2024-05-02 08:40:09 UTC,2024-05-02 09:01:04 UTC,,,Public Rack - Stewart Ave & 123rd St,586,41.72,-87.66,41.670563,-87.632188,casual
7C37C157A5C56B6F,electric_bike,2024-08-19 00:14:46.704 UTC,2024-08-19 00:16:13.2 UTC,,,,,41.68,-87.68,41.68,-87.68,casual
97826DB6BB4DAA78,electric_bike,2024-06-18 20:44:05.697 UTC,2024-06-18 20:49:54.496 UTC,,,,,41.68,-87.66,41.68,-87.66,member
E77F6751DABD3EC4,electric_bike,2024-06-21 12:26:04.027 UTC,2024-06-21 12:38:35.87 UTC,,,,,41.71,-87.7,41.68,-87.68,casual
B2E6C37E39AE8946,electric_bike,2024-06-21 19:29:18.682 UTC,2024-06-21 19:40:39.398 UTC,,,,,41.68,-87.66,41.68,-87.66,member
29770A4CDA4B1E8C,electric_bike,2024-08-11 19:34:08.454 UTC,2024-08-11 20:06:25.263 UTC,,,,,41.68,-87.67,41.68,-87.67,casual
4F3223A54895B2B5,electric_bike,2024-06-29 18:54:41.912 UTC,2024-06-29 19:02:41.098 UTC,,,,,41.68,-87.62,41.68,-87.62,casual
67EBEAACB8DB6E03,electric_bike,2024-11-02 17:43:26.49 UTC,2024-11-02 17:44:41.708 UTC,,,,,41.68,-87.65,41.68,-87.65,casual
43BF8CD7D2BBB89B,electric_bike,2024-06-18 20:22:23.144 UTC,2024-06-18 20:39:25.494 UTC,,,,,41.68,-87.62,41.68,-87.66,member
401D93B0776540FB,electric_bike,2024-11-03 14:49:36.249 UTC,2024-11-03 14:53:00.683 UTC,,,,,41.68,-87.65,41.68,-87.64,casual
C0C825F19C1F445F,electric_bike,2024-12-23 17:23:53.312 UTC,2024-12-23 17:26:10.015 UTC,,,,,41.68,-87.64,41.68,-87.64,member
BADF39B90253C639,electric_bike,2024-07-31 20:39:34.421 UTC,2024-07-31 20:47:07.26 UTC,,,,,41.68,-87.65,41.68,-87.66,member
D6C94E968058C5F0,electric_bike,2024-11-15 13:16:11.488 UTC,2024-11-15 13:42:09.141 UTC,,,,,41.69,-87.65,41.68,-87.67,member
F5FDCF34B5ABFE75,electric_bike,2024-05-30 07:39:56 UTC,2024-05-30 07:46:59 UTC,,,Public Rack - King Dr & 115th St,937,41.69,-87.64,41.685239,-87.613418,casual
3EACEDEBDBC19762,electric_bike,2024-07-30 15:06:57.44 UTC,2024-07-30 15:09:15.882 UTC,,,Public Rack - King Dr & 115th St,937,41.69,-87.61,41.685239,-87.613418,member
50B85BF3E3CD04A7,electric_bike,2024-07-22 16:03:51.268 UTC,2024-07-22 16:44:57.695 UTC,,,Avenue L & 114th St,20220,41.67,-87.52,41.6881169,-87.5365497,casual
C22B3F130253290E,electric_bike,2024-07-18 15:39:57.714 UTC,2024-07-18 15:44:28.399 UTC,,,Avenue L & 114th St,20220,41.68,-87.54,41.6881169,-87.5365497,casual
530756DC427E05C6,electric_bike,2024-09-01 19:57:17.658 UTC,2024-09-01 20:06:28.08 UTC,,,,,41.69,-87.69,41.69,-87.71,casual
C09525B6AB027A53,electric_bike,2024-07-31 15:02:24.34 UTC,2024-07-31 15:05:54.822 UTC,,,,,41.68,-87.66,41.69,-87.66,member
EACFCEC101D480E3,electric_bike,2024-10-08 07:44:28.377 UTC,2024-10-08 08:33:42.509 UTC,,,,,41.79,-87.7,41.69,-87.6,member
444C15F4BA711931,electric_bike,2024-03-26 19:16:51 UTC,2024-03-26 19:20:27 UTC,,,,,41.69,-87.61,41.69,-87.62,member
2F67E259907ADDB9,electric_bike,2024-06-14 17:16:48.238 UTC,2024-06-14 17:32:59.524 UTC,,,,,41.68,-87.64,41.69,-87.69,casual
A4CDC59268C8FBA1,electric_bike,2024-08-17 10:17:12.318 UTC,2024-08-17 11:21:59.313 UTC,,,,,41.74,-87.56,41.69,-87.69,casual
1866E19FFEBA5C2F,electric_bike,2024-05-13 09:06:51 UTC,2024-05-13 09:14:25 UTC,,,,,41.69,-87.6,41.69,-87.62,casual
C904DB865C8C21FA,electric_bike,2024-04-16 07:43:39 UTC,2024-04-16 07:50:41 UTC,,,,,41.7,-87.61,41.69,-87.61,casual
443F46FE419E4A30,electric_bike,2024-09-26 00:08:42.372 UTC,2024-09-26 00:14:51.801 UTC,,,,,41.69,-87.61,41.69,-87.61,casual
1D60C0565B076EBC,electric_bike,2024-07-01 15:20:04.979 UTC,2024-07-01 15:28:36.343 UTC,,,,,41.68,-87.64,41.69,-87.62,casual
D3481DCED81DDA3B,electric_bike,2024-05-13 18:17:36 UTC,2024-05-13 18:23:31 UTC,,,,,41.68,-87.65,41.69,-87.66,member
5A9437985FADD56E,electric_bike,2024-11-23 17:55:48.683 UTC,2024-11-23 18:02:48.842 UTC,,,,,41.68,-87.62,41.69,-87.6,casual
D5C95A3E760D53C0,electric_bike,2024-05-21 17:22:04 UTC,2024-05-21 17:29:39 UTC,,,Public Rack - 111th St - Morgan Park Metra,682,41.71,-87.67,41.692738,-87.670569,casual
9E0C39FE0F909AA9,electric_bike,2024-05-07 12:48:22 UTC,2024-05-07 13:12:19 UTC,,,Public Rack - Western Ave & 110th St,988,41.7,-87.68,41.69442,-87.681547,casual
DCCC367A578B05CF,electric_bike,2024-09-25 11:51:07.539 UTC,2024-09-25 11:58:11.439 UTC,,,Public Rack - Pullman - Walmart,919,41.69,-87.61,41.69696,-87.59829,member
9DCD36EBB6D917B1,electric_bike,2024-08-13 07:19:12.908 UTC,2024-08-13 07:25:29.727 UTC,,,Hale Ave & 107th St,20108,41.69,-87.69,41.699206168127674,-87.668918967247009,member
1EB3AA4BB613A65D,electric_bike,2024-11-27 16:35:19.326 UTC,2024-11-27 16:48:18.207 UTC,,,Wentworth Ave & 107th St,24419,41.69,-87.61,41.69989,-87.62785,casual
084C8738A6D49581,electric_bike,2024-04-02 17:03:49 UTC,2024-04-02 17:12:00 UTC,,,,,41.72,-87.67,41.7,-87.66,member
8B04388FABB023EA,electric_bike,2024-07-27 23:23:41.934 UTC,2024-07-27 23:40:09.427 UTC,,,,,41.7,-87.65,41.7,-87.65,casual
5194C96D00095BF6,electric_bike,2024-10-04 16:16:47.884 UTC,2024-10-04 16:24:16.952 UTC,,,,,41.7,-87.61,41.7,-87.6,casual
8FE71DEDEFE4E10E,electric_bike,2024-10-04 17:06:40.636 UTC,2024-10-04 17:20:57.888 UTC,,,,,41.7,-87.6,41.7,-87.61,casual
C0F2EA120D8C1005,electric_bike,2024-03-15 15:33:27 UTC,2024-03-15 15:39:51 UTC,,,,,41.69,-87.62,41.7,-87.62,casual
D21D6F268119B7C5,electric_bike,2024-10-05 15:26:59.827 UTC,2024-10-05 15:35:33.96 UTC,,,,,41.69,-87.62,41.7,-87.61,casual
4FAE3BB862A3A949,electric_bike,2024-04-23 19:23:19 UTC,2024-04-23 19:36:14 UTC,,,,,41.69,-87.62,41.7,-87.6,member
AA38B9B171788F7C,electric_bike,2024-05-05 18:35:31 UTC,2024-05-05 18:40:57 UTC,,,,,41.71,-87.61,41.7,-87.61,casual
06974852AE39C064,electric_bike,2024-05-19 11:59:50 UTC,2024-05-19 12:33:56 UTC,,,,,41.68,-87.66,41.7,-87.63,casual
FB62EDB46E246E8E,electric_bike,2024-05-05 16:36:09 UTC,2024-05-05 16:44:36 UTC,,,,,41.7,-87.61,41.7,-87.62,casual
6E29253ECC6C32E4,electric_bike,2024-02-27 12:47:52 UTC,2024-02-27 13:01:41 UTC,,,,,41.69,-87.62,41.7,-87.61,casual
06B6A3179F08F6AE,electric_bike,2024-05-19 17:36:47 UTC,2024-05-19 18:05:39 UTC,,,,,41.7,-87.64,41.7,-87.65,casual
9C07388107B384CA,electric_bike,2024-05-22 09:26:15 UTC,2024-05-22 09:34:36 UTC,,,,,41.71,-87.72,41.7,-87.71,casual
5C1447123F1BFEDE,electric_bike,2024-08-18 16:45:55.321 UTC,2024-08-18 16:50:17.48 UTC,,,,,41.71,-87.61,41.7,-87.61,casual
DD2781F45A1C0B78,electric_bike,2024-07-13 13:56:46.256 UTC,2024-07-13 14:07:24.389 UTC,,,,,41.7,-87.71,41.7,-87.69,casual
C6AF52BF6084DC2B,electric_bike,2024-05-12 13:34:12 UTC,2024-05-12 13:43:20 UTC,,,,,41.72,-87.63,41.7,-87.64,casual
7B7CEAB73BFEFA0A,electric_bike,2024-10-05 18:59:23.702 UTC,2024-10-05 19:12:31.727 UTC,,,S Aberdeen St & W 106th St,20126,41.72,-87.62,41.701217,-87.649345,casual
2F468411A972756A,electric_bike,2024-05-08 17:30:38 UTC,2024-05-08 17:38:02 UTC,,,Public Rack - Langley Ave & 105th Pl,610,41.69,-87.61,41.702472,-87.606477,casual
1F7B0CCC889F86BF,electric_bike,2024-10-03 21:01:32.573 UTC,2024-10-03 22:01:30.788 UTC,,,Ewing Ave & 106th St,24402,41.89,-87.62,41.70266,-87.53564,casual
C928CCDA723FD580,electric_bike,2024-08-31 19:26:35.042 UTC,2024-08-31 19:33:23.249 UTC,,,Michigan Ave & 105th St,24420,41.72,-87.62,41.70346,-87.62037,casual
97ED14F5724D56AE,electric_bike,2024-04-23 21:27:17 UTC,2024-04-23 21:35:16 UTC,,,Western Ave & 104th St,20123,41.69,-87.67,41.70458710218908,-87.681203484535217,member
491B3D6E2E38819F,electric_bike,2024-04-06 11:29:23 UTC,2024-04-06 11:31:50 UTC,,,W 103rd St & S Avers Ave,20202,41.7,-87.71,41.705846,-87.717074,casual
B728110C55C4FCA1,electric_bike,2024-06-24 09:04:03.421 UTC,2024-06-24 09:14:45.375 UTC,,,Public Rack - Walden Pkwy & 103rd St,693,41.71,-87.69,41.706205,-87.668965,casual
4FE1FF74B702BDBD,electric_bike,2024-07-08 14:05:53.144 UTC,2024-07-08 14:22:00.568 UTC,,,,,41.71,-87.6,41.71,-87.61,casual
8F64C4CC40870825,electric_bike,2024-04-01 10:17:52 UTC,2024-04-01 10:27:59 UTC,,,,,41.71,-87.54,41.71,-87.53,casual
8719156B2E7CAEE4,electric_bike,2024-03-26 03:11:30 UTC,2024-03-26 03:20:32 UTC,,,,,41.72,-87.62,41.71,-87.63,casual
3B3638E94BC70769,electric_bike,2024-05-17 18:07:18 UTC,2024-05-17 18:08:18 UTC,,,,,41.71,-87.72,41.71,-87.72,casual
101E231C076322A3,electric_bike,2024-05-17 18:08:00 UTC,2024-05-17 18:12:11 UTC,,,,,41.7,-87.69,41.71,-87.69,casual
975A559E4B200235,electric_bike,2024-08-14 19:24:53.334 UTC,2024-08-14 19:31:19.107 UTC,,,,,41.71,-87.67,41.71,-87.7,casual
D2D1F61E849ED865,electric_bike,2024-01-28 19:30:49 UTC,2024-01-28 19:36:41 UTC,,,,,41.7,-87.68,41.71,-87.67,casual
4CB6FE6615845FFA,electric_bike,2024-07-19 13:16:29.296 UTC,2024-07-19 13:26:04.712 UTC,,,,,41.71,-87.68,41.71,-87.7,casual
F744A3200FE16F8F,electric_bike,2024-07-23 02:51:31.058 UTC,2024-07-23 03:28:52.748 UTC,,,,,41.71,-87.69,41.71,-87.69,casual
1D344495676043F9,electric_bike,2024-10-30 13:50:38.861 UTC,2024-10-30 14:02:37.716 UTC,,,,,41.72,-87.69,41.71,-87.66,casual
1E46F1D78F285F3A,electric_bike,2024-07-26 14:40:41.906 UTC,2024-07-26 14:49:40.51 UTC,,,,,41.71,-87.6,41.71,-87.6,casual
4E72F5B61F488E8C,electric_bike,2024-02-28 14:25:33 UTC,2024-02-28 14:35:12 UTC,,,,,41.72,-87.67,41.71,-87.69,casual
2FC493DFA6E0153F,electric_bike,2024-08-01 01:53:21.909 UTC,2024-08-01 01:57:51.308 UTC,,,,,41.71,-87.68,41.71,-87.68,casual
BC71480982D5225D,electric_bike,2024-04-01 21:20:11 UTC,2024-04-01 21:28:03 UTC,,,,,41.73,-87.67,41.71,-87.68,casual
7E1892D613A0C675,electric_bike,2024-10-22 07:35:52.598 UTC,2024-10-22 07:36:56.584 UTC,,,,,41.71,-87.6,41.71,-87.6,casual
986C094D624AE70A,electric_bike,2024-05-23 10:54:51 UTC,2024-05-23 10:58:03 UTC,,,,,41.71,-87.72,41.71,-87.71,casual
6E85288517B6CD61,electric_bike,2024-05-30 14:33:32 UTC,2024-05-30 14:35:33 UTC,,,,,41.7,-87.72,41.71,-87.72,casual
19724BC7945E447B,electric_bike,2024-08-30 09:17:46.895 UTC,2024-08-30 09:22:05.885 UTC,,,,,41.71,-87.63,41.71,-87.62,casual
7EF424024BD44EB4,electric_bike,2024-08-29 07:22:58.335 UTC,2024-08-29 07:24:45.068 UTC,,,,,41.71,-87.67,41.71,-87.67,casual
40AB7C0B8679D9AE,electric_bike,2024-07-06 00:03:57.805 UTC,2024-07-06 00:15:14.66 UTC,,,,,41.71,-87.6,41.71,-87.6,casual
1797C54EB287E489,electric_bike,2024-10-14 14:22:30.904 UTC,2024-10-14 14:33:43.37 UTC,,,,,41.71,-87.7,41.71,-87.71,member
81A361C56F418626,electric_bike,2024-06-19 16:48:11.678 UTC,2024-06-19 16:55:16.794 UTC,,,,,41.71,-87.71,41.71,-87.72,casual
EAC4508DA9847E2F,electric_bike,2024-08-29 14:36:58.147 UTC,2024-08-29 15:01:30.104 UTC,,,,,41.72,-87.64,41.71,-87.65,casual
4C36216DC284B2A2,electric_bike,2024-08-04 23:17:19.545 UTC,2024-08-04 23:27:40.302 UTC,,,,,41.71,-87.6,41.71,-87.6,member
FEDC230083F33F90,electric_bike,2024-11-05 14:35:21.327 UTC,2024-11-05 14:41:33.231 UTC,,,Walden Pkwy & 100th St,20107,41.71,-87.68,41.712164103598028,-87.667733430862427,member
DE65181E6533980E,electric_bike,2024-09-30 16:31:46.011 UTC,2024-09-30 16:40:37.615 UTC,,,Walden Pkwy & 100th St,20107,41.71,-87.68,41.712164103598028,-87.667733430862427,member
251D78C6BE31C97C,electric_bike,2024-07-01 09:30:57.616 UTC,2024-07-01 09:39:03.049 UTC,,,Walden Pkwy & 100th St,20107,41.71,-87.69,41.712164103598028,-87.667733430862427,casual
B9005A3B86C5098A,electric_bike,2024-01-26 16:50:28 UTC,2024-01-26 16:54:26 UTC,,,Walden Pkwy & 100th St,20107,41.71,-87.68,41.712164103598028,-87.667733430862427,member
D84C758CE9B36A73,electric_bike,2024-05-28 06:59:47 UTC,2024-05-28 07:08:44 UTC,,,Walden Pkwy & 100th St,20107,41.7,-87.7,41.712164103598028,-87.667733430862427,casual
19FC119984D487F4,electric_bike,2024-06-14 09:51:37.634 UTC,2024-06-14 09:56:45.435 UTC,,,Walden Pkwy & 100th St,20107,41.72,-87.65,41.712164103598028,-87.667733430862427,casual
8C03CA865A194748,electric_bike,2024-10-03 09:10:30.824 UTC,2024-10-03 09:15:30.852 UTC,,,Walden Pkwy & 100th St,20107,41.71,-87.67,41.712164103598028,-87.667733430862427,casual
0BFAEF45DFEBB15D,electric_bike,2024-11-07 15:24:21.1 UTC,2024-11-07 15:28:20.277 UTC,,,Walden Pkwy & 100th St,20107,41.71,-87.68,41.712164103598028,-87.667733430862427,member
FA91EF780FF63725,electric_bike,2024-06-16 17:24:09.184 UTC,2024-06-16 17:32:45.263 UTC,,,Walden Pkwy & 100th St,20107,41.71,-87.68,41.712164103598028,-87.667733430862427,member
C669D7DE9A57BAFA,electric_bike,2024-07-24 17:00:28.063 UTC,2024-07-24 17:10:34.152 UTC,,,Walden Pkwy & 100th St,20107,41.72,-87.62,41.712164103598028,-87.667733430862427,casual
5E3984B81CDE2013,electric_bike,2024-10-03 16:36:59.912 UTC,2024-10-03 16:47:51.506 UTC,,,Walden Pkwy & 100th St,20107,41.71,-87.65,41.712164103598028,-87.667733430862427,casual
8C5A438D3863B0BF,electric_bike,2024-07-22 22:09:21.256 UTC,2024-07-22 22:37:49.039 UTC,,,Ewing Ave & Burnham Greenway,20223,41.79,-87.59,41.712748761094957,-87.53481388092041,casual
3EB8252CB7756C26,electric_bike,2024-05-27 07:49:00 UTC,2024-05-27 07:56:07 UTC,,,Oglesby Ave & 100th St,20226,41.71,-87.54,41.713397484422444,-87.565841674804688,member
E52A66C236970ED7,electric_bike,2024-09-06 09:49:45.6 UTC,2024-09-06 10:01:19.858 UTC,,,Calumet Park,20224,41.75,-87.55,41.713709830356152,-87.530844211578369,casual
FEBC6BEEDE448231,electric_bike,2024-07-28 22:39:38.651 UTC,2024-07-28 22:56:06.611 UTC,,,Bradley Park,20227,41.72,-87.56,41.717878301935,-87.564591765403748,member
32B029EA7B891E04,electric_bike,2024-06-17 22:45:47.975 UTC,2024-06-17 22:53:20.709 UTC,,,Bradley Park,20227,41.73,-87.57,41.717878301935,-87.564591765403748,member
C7B6EEFAA5BCE6A4,electric_bike,2024-10-22 15:39:08.421 UTC,2024-10-22 15:48:02.297 UTC,,,Commercial Ave & 97th St,24398,41.73,-87.55,41.71893,-87.55112,casual
B05B6F232D4DB342,electric_bike,2024-09-18 18:51:42.132 UTC,2024-09-18 18:55:43.448 UTC,,,Chicago State University,20106,41.72,-87.62,41.71896342165455,-87.608295679092407,member
EDF803ACDCCA0136,electric_bike,2024-08-28 22:21:07.819 UTC,2024-08-28 23:00:59.35 UTC,,,Chicago State University,20106,41.78,-87.6,41.71896342165455,-87.608295679092407,casual
069994E8F7DC9D6D,electric_bike,2024-04-23 13:40:44 UTC,2024-04-23 13:47:54 UTC,,,Halsted St & 96th St,20105,41.72,-87.65,41.719712183618824,-87.6430195569992,member
4C71374CBF7BA763,electric_bike,2024-03-13 11:19:17 UTC,2024-03-13 11:36:41 UTC,,,Halsted St & 96th St,20105,41.72,-87.68,41.719712183618824,-87.6430195569992,member
9B944E977CD69209,electric_bike,2024-08-17 06:14:53.631 UTC,2024-08-17 06:19:10.937 UTC,,,,,41.72,-87.64,41.72,-87.62,casual
1A00A0D0BDF3E4E5,electric_bike,2024-08-16 13:59:36.238 UTC,2024-08-16 14:25:20.846 UTC,,,,,41.65,-87.54,41.72,-87.54,casual
77996F5A2AC7410B,electric_bike,2024-10-22 18:23:51.999 UTC,2024-10-22 19:02:42.105 UTC,,,,,41.66,-87.6,41.72,-87.62,casual
854D3E62244AE49B,electric_bike,2024-03-01 16:45:22 UTC,2024-03-01 17:08:59 UTC,,,,,41.8,-87.59,41.72,-87.57,member
A0DED56C37E1EA16,electric_bike,2024-09-22 21:10:25.029 UTC,2024-09-22 21:34:37.886 UTC,,,,,41.8,-87.6,41.72,-87.61,member
970949F13E35593E,electric_bike,2024-03-02 10:59:06 UTC,2024-03-02 11:22:38 UTC,,,,,41.72,-87.55,41.72,-87.55,casual
B85F4A057E1DB879,electric_bike,2024-06-08 08:08:31.902 UTC,2024-06-08 08:18:38.085 UTC,,,,,41.73,-87.64,41.72,-87.67,casual
F13274A51F72FC92,electric_bike,2024-07-25 16:22:30.062 UTC,2024-07-25 16:57:21.209 UTC,,,,,41.71,-87.65,41.72,-87.61,casual
EF2AC956149D675C,electric_bike,2024-05-29 23:53:24 UTC,2024-05-29 23:58:04 UTC,,,,,41.72,-87.63,41.72,-87.64,casual
AC87BC9D64A52AD5,electric_bike,2024-05-13 14:14:00 UTC,2024-05-13 14:24:00 UTC,,,,,41.72,-87.63,41.72,-87.64,casual
1B0173EAA32FBA86,electric_bike,2024-05-12 09:16:49 UTC,2024-05-12 09:23:38 UTC,,,,,41.71,-87.68,41.72,-87.68,casual
06211DAC86B905F2,electric_bike,2024-06-14 07:50:23.127 UTC,2024-06-14 08:07:48.598 UTC,,,,,41.67,-87.63,41.72,-87.63,casual
206FDAB157A88FD4,electric_bike,2024-10-30 16:39:37.528 UTC,2024-10-30 16:44:28.123 UTC,,,,,41.72,-87.67,41.72,-87.68,member
B47EA131B9924716,electric_bike,2024-05-23 06:48:02 UTC,2024-05-23 06:51:43 UTC,,,,,41.72,-87.68,41.72,-87.67,member
5EA3D05F52219D66,electric_bike,2024-12-02 18:22:31.687 UTC,2024-12-02 18:31:41.805 UTC,,,,,41.73,-87.58,41.72,-87.55,casual
DB50B746BDEC86D6,electric_bike,2024-12-01 17:23:01.047 UTC,2024-12-01 17:32:27.317 UTC,,,,,41.73,-87.55,41.72,-87.56,casual
47E9E04647E154D1,electric_bike,2024-11-13 20:14:27.102 UTC,2024-11-13 20:28:38.698 UTC,,,,,41.72,-87.61,41.72,-87.61,member
9E6E05B589C4A206,electric_bike,2024-10-30 13:26:31.896 UTC,2024-10-30 13:39:30.862 UTC,,,,,41.72,-87.63,41.72,-87.69,casual
95FBD99EF757C0F8,electric_bike,2024-07-28 11:35:10.561 UTC,2024-07-28 11:46:46.004 UTC,,,,,41.77,-87.58,41.72,-87.57,member
DA2B1D0190D52005,electric_bike,2024-10-14 20:46:14.831 UTC,2024-10-14 21:03:12.49 UTC,,,,,41.72,-87.66,41.72,-87.66,casual
A635E1CBC16CA3F7,electric_bike,2024-09-26 07:09:57.279 UTC,2024-09-26 07:13:09.995 UTC,,,,,41.72,-87.68,41.72,-87.67,member
C8C3A999B7D6030C,electric_bike,2024-05-27 19:12:26 UTC,2024-05-27 19:41:48 UTC,,,,,41.72,-87.65,41.72,-87.65,casual
6277638CA5E794A5,electric_bike,2024-05-31 13:46:40 UTC,2024-05-31 13:47:49 UTC,,,,,41.72,-87.64,41.72,-87.64,casual
D306688309D86878,electric_bike,2024-02-27 18:59:14 UTC,2024-02-27 19:47:34 UTC,,,,,41.65,-87.55,41.72,-87.55,casual
E3170C687F5A9B50,electric_bike,2024-06-09 15:24:34.647 UTC,2024-06-09 15:43:23.927 UTC,,,,,41.66,-87.62,41.72,-87.62,casual
58638E9B9BBAB673,electric_bike,2024-07-13 17:42:19.172 UTC,2024-07-13 17:50:34.568 UTC,,,,,41.73,-87.56,41.72,-87.58,casual
BEBD72815E940CE2,electric_bike,2024-07-20 15:27:11.24 UTC,2024-07-20 15:32:27.256 UTC,,,Public Rack - Longwood Dr & 95th St,697,41.72,-87.68,41.720921,-87.669585,casual
252CDC3F84F0D06D,electric_bike,2024-05-22 16:21:33 UTC,2024-05-22 16:35:46 UTC,,,Public Rack - Longwood Dr & 95th St,697,41.7,-87.69,41.720921,-87.669585,member
37E489E049411AD4,electric_bike,2024-07-11 06:30:26.55 UTC,2024-07-11 06:35:14.421 UTC,,,Public Rack - Vincennes Ave & 95th St,619,41.73,-87.64,41.721168,-87.650663,member
B029673444ACAD0D,electric_bike,2024-11-20 03:42:37.76 UTC,2024-11-20 03:46:56.946 UTC,,,Public Rack - Lafayette Ave & 95th St,621,41.72,-87.64,41.721787,-87.624939,member
8718F4EFF146BA71,electric_bike,2024-10-25 20:15:01.034 UTC,2024-10-25 20:48:22.219 UTC,,,Public Rack - Lafayette Ave & 95th St,621,41.66,-87.6,41.721787,-87.624939,casual
5209399423DC5ECB,electric_bike,2024-09-19 06:24:04.189 UTC,2024-09-19 06:32:44.705 UTC,,,State St & 95th St,20104,41.71,-87.6,41.7218499,-87.6228544,casual
F9E3A59EB7ACDF87,electric_bike,2024-06-22 10:31:12.708 UTC,2024-06-22 10:40:05.843 UTC,,,State St & 95th St,20104,41.72,-87.66,41.7218499,-87.6228544,casual
7D8644C45A94EE9E,electric_bike,2024-10-07 15:20:46.398 UTC,2024-10-07 15:32:50.29 UTC,,,State St & 95th St,20104,41.73,-87.59,41.7218499,-87.6228544,casual
0F1A282CF0DFDCE6,electric_bike,2024-10-03 19:23:52.239 UTC,2024-10-03 19:33:38.014 UTC,,,Public Rack - Oglesby Ave & 95th St,634,41.73,-87.55,41.722484,-87.565738,casual
A6D5797A1351FFA1,electric_bike,2024-07-18 10:18:18.361 UTC,2024-07-18 10:39:59.564 UTC,,,Public Rack - Halsted St & 94th St,709,41.77,-87.58,41.723442,-87.643612,member
6A472D31945991BE,electric_bike,2024-07-21 05:49:07.972 UTC,2024-07-21 06:40:07.809 UTC,,,Public Rack - Cottage Grove Ave & 92nd St,649,41.72,-87.62,41.727319,-87.604787,casual
4A0A875165A040E6,electric_bike,2024-08-02 11:51:46.896 UTC,2024-08-02 12:52:48.731 UTC,,,Eggleston Ave & 92nd St,20118,41.73,-87.63,41.727575659299575,-87.63482809066771,casual
66A737CD30D46736,electric_bike,2024-06-10 19:37:23.442 UTC,2024-06-10 19:40:14.044 UTC,,,Prospect Sq & 91st St,20103,41.73,-87.66,41.7282338,-87.6675239,member
ECCD2C22A35F6F7F,electric_bike,2024-02-15 09:39:36 UTC,2024-02-15 10:33:34 UTC,,,Public Rack - Ashland Ave & 91st St,984,41.84,-87.63,41.728271,-87.662673,member
E8928858AA9F2CCA,electric_bike,2024-09-20 18:32:09.897 UTC,2024-09-20 18:35:38.985 UTC,,,,,41.73,-87.55,41.73,-87.55,casual
521393D4EF62EE73,electric_bike,2024-11-06 04:51:06.558 UTC,2024-11-06 04:58:28.247 UTC,,,,,41.72,-87.62,41.73,-87.63,casual
0E55ED2B3A69D0F8,electric_bike,2024-12-02 07:47:02.149 UTC,2024-12-02 07:53:18.206 UTC,,,,,41.73,-87.55,41.73,-87.58,casual
6FAB9B111490411E,electric_bike,2024-11-03 19:09:43.664 UTC,2024-11-03 19:31:11.365 UTC,,,,,41.73,-87.68,41.73,-87.68,member
2D59916A0D882F9E,electric_bike,2024-06-29 09:28:47.986 UTC,2024-06-29 09:47:33.265 UTC,,,,,41.72,-87.67,41.73,-87.64,member
BA3DFC328F81E0A2,electric_bike,2024-05-31 08:34:30 UTC,2024-05-31 08:35:46 UTC,,,,,41.73,-87.67,41.73,-87.67,casual
73890C0BA0F8ECA6,electric_bike,2024-07-13 22:30:49.654 UTC,2024-07-13 22:37:58.077 UTC,,,,,41.72,-87.66,41.73,-87.68,casual
CAA133832D2FD6D2,electric_bike,2024-09-11 21:30:19.407 UTC,2024-09-11 21:55:21.328 UTC,,,,,41.79,-87.59,41.73,-87.57,casual
B3F0C915E23E0343,electric_bike,2024-04-08 17:32:34 UTC,2024-04-08 17:34:04 UTC,,,,,41.74,-87.63,41.73,-87.63,casual
F3F379459B837D4D,electric_bike,2024-06-16 09:11:01.958 UTC,2024-06-16 09:26:16.136 UTC,,,,,41.75,-87.58,41.73,-87.56,casual
2BF13498EF1DA015,electric_bike,2024-09-26 16:50:48.456 UTC,2024-09-26 17:01:05.379 UTC,,,,,41.74,-87.58,41.73,-87.58,casual
996244309EC6E2E0,electric_bike,2024-07-10 13:31:41.605 UTC,2024-07-10 13:53:39.686 UTC,,,,,41.78,-87.61,41.73,-87.54,member
2CF81E7B172AE3BE,electric_bike,2024-11-12 13:07:32.207 UTC,2024-11-12 13:14:21.632 UTC,,,,,41.74,-87.62,41.73,-87.64,casual
4290C48BE1177816,electric_bike,2024-07-03 09:33:41.567 UTC,2024-07-03 10:13:39.891 UTC,,,,,41.85,-87.67,41.73,-87.64,member
590F5C1AB39CA420,electric_bike,2024-03-19 15:39:15 UTC,2024-03-19 15:43:52 UTC,,,,,41.72,-87.66,41.73,-87.66,member
8C0EC7C2E640CFF5,electric_bike,2024-09-06 14:25:42.618 UTC,2024-09-06 14:38:00.776 UTC,,,,,41.75,-87.66,41.73,-87.66,casual
5873868999812707,electric_bike,2024-05-20 14:53:23 UTC,2024-05-20 15:39:05 UTC,,,,,41.72,-87.57,41.73,-87.54,casual
84709DC0AA3E347B,electric_bike,2024-07-06 19:30:47.482 UTC,2024-07-06 19:51:08.335 UTC,,,,,41.74,-87.56,41.73,-87.62,casual
56FAC8611B7E89B9,electric_bike,2024-05-08 16:00:46 UTC,2024-05-08 16:44:21 UTC,,,Stony Island Ave & 90th St,20236,41.76,-87.6,41.731394943302355,-87.58574366569519,casual
C5110CEECA377918,electric_bike,2024-10-06 19:04:27.557 UTC,2024-10-06 19:11:24.982 UTC,,,Paulina Ave & 87th St,23122,41.73,-87.68,41.735629,-87.66552,member
0628CC173B3CEDEF,electric_bike,2024-07-05 16:18:31.965 UTC,2024-07-05 17:29:58.036 UTC,,,Public Rack - Langley Ave & 87th St,985,41.7,-87.59,41.735828,-87.606981,casual
1F72B98F97B98264,electric_bike,2024-05-18 10:57:20 UTC,2024-05-18 11:32:15 UTC,,,Damen Ave & 87th St,23121,41.77,-87.58,41.736044,-87.672861,member
538C530616CF23D7,electric_bike,2024-08-01 14:45:21.835 UTC,2024-08-01 14:55:01.368 UTC,,,Public Rack - Lafayette Ave & 87th St - NW,710,41.76,-87.62,41.736354,-87.626741,member
548AF54CEC060CD8,electric_bike,2024-06-28 07:34:17.945 UTC,2024-06-28 07:46:53.27 UTC,,,Public Rack - Cottage Grove Ave & 87th St,646,41.74,-87.61,41.736448,-87.60616,member
97522B49CDB7E53A,electric_bike,2024-08-27 14:57:52.356 UTC,2024-08-27 15:01:52.763 UTC,,,East End Ave & 87th St,20231,41.74,-87.58,41.736815214406711,-87.582801282405853,member
3B5CA526E90D3205,electric_bike,2024-10-01 08:58:04.144 UTC,2024-10-01 09:04:15.257 UTC,,,Public Rack - Clyde Ave & 87th St,986,41.74,-87.57,41.73715,-87.57319,casual
5A9D023881E773F7,electric_bike,2024-03-17 05:35:15 UTC,2024-03-17 05:56:21 UTC,,,Baltimore Ave & 87th St,20229,41.74,-87.55,41.737335600416664,-87.548514604568467,casual
D435408437EC5A2C,electric_bike,2024-01-17 23:32:37 UTC,2024-01-17 23:40:27 UTC,,,Baltimore Ave & 87th St,20229,41.71,-87.55,41.737335600416664,-87.548514604568467,member
9BF278A3BD20C429,electric_bike,2024-10-10 08:21:05.277 UTC,2024-10-10 09:02:24.483 UTC,,,Summit Ave & 86th St,20101,41.69,-87.52,41.737848476733404,-87.644899785518632,casual
88782DA038253A8C,electric_bike,2024-10-01 05:47:38.738 UTC,2024-10-01 05:56:28.621 UTC,,,Francisco Ave & 85th St,23119,41.75,-87.67,41.738902,-87.695518,casual
7980796F1102A86A,electric_bike,2024-02-06 07:22:56 UTC,2024-02-06 07:39:38 UTC,,,,,41.74,-87.55,41.74,-87.55,member
AAAFF3909D9E417A,electric_bike,2024-03-02 09:45:48 UTC,2024-03-02 09:55:03 UTC,,,,,41.74,-87.55,41.74,-87.55,member
47F2F6AB9A44831E,electric_bike,2024-03-24 12:49:16 UTC,2024-03-24 12:54:07 UTC,,,,,41.75,-87.55,41.74,-87.55,member
E82ED138E1E5DEFD,electric_bike,2024-06-21 13:48:25.279 UTC,2024-06-21 13:58:24.291 UTC,,,,,41.75,-87.64,41.74,-87.66,casual
B25F725037209ADF,electric_bike,2024-09-26 16:37:39.768 UTC,2024-09-26 16:45:30.786 UTC,,,,,41.73,-87.58,41.74,-87.58,casual
2542CCC775E39823,electric_bike,2024-09-19 08:27:02.493 UTC,2024-09-19 08:52:54.587 UTC,,,,,41.75,-87.6,41.74,-87.6,casual
35A91A4053F0D2A6,electric_bike,2024-05-27 12:36:44 UTC,2024-05-27 12:54:31 UTC,,,,,41.74,-87.53,41.74,-87.53,casual
95754FB4AFEF4D10,electric_bike,2024-08-14 01:21:36.184 UTC,2024-08-14 02:11:18.524 UTC,,,,,41.89,-87.63,41.74,-87.55,member
9B1234957B20681F,electric_bike,2024-03-28 14:42:22 UTC,2024-03-28 16:05:41 UTC,,,,,41.71,-87.65,41.74,-87.66,casual
BC006B4C1A082676,electric_bike,2024-09-15 07:32:28.163 UTC,2024-09-15 07:52:21.552 UTC,,,,,41.74,-87.55,41.74,-87.61,member
A99846F0C278EAFB,electric_bike,2024-04-30 19:36:19 UTC,2024-04-30 21:34:55 UTC,,,,,41.74,-87.62,41.74,-87.58,casual
A046D94C70071A52,electric_bike,2024-05-03 16:54:00 UTC,2024-05-03 17:10:39 UTC,,,,,41.77,-87.56,41.74,-87.55,member
A10B80E939531159,electric_bike,2024-06-19 17:35:59.798 UTC,2024-06-19 17:52:59.319 UTC,,,,,41.73,-87.64,41.74,-87.65,casual
9573A23410D7BFF9,electric_bike,2024-05-20 00:08:17 UTC,2024-05-20 00:12:44 UTC,,,,,41.75,-87.55,41.74,-87.55,member
EE40ADA24AA4BC29,electric_bike,2024-10-24 17:28:57.252 UTC,2024-10-24 17:53:58.626 UTC,,,,,41.78,-87.6,41.74,-87.56,member
0AAD0DBEB2DDACE4,electric_bike,2024-10-13 15:50:12.785 UTC,2024-10-13 16:25:25.853 UTC,,,,,41.74,-87.56,41.74,-87.56,casual
302D8836C70B8831,electric_bike,2024-05-23 14:26:19 UTC,2024-05-23 14:40:07 UTC,,,,,41.75,-87.56,41.74,-87.6,casual
1445F9EC0A3298F1,electric_bike,2024-08-27 07:27:45.317 UTC,2024-08-27 07:56:17.677 UTC,,,,,41.74,-87.6,41.74,-87.6,casual
1881F2A23B2E899B,electric_bike,2024-10-31 09:13:35.096 UTC,2024-10-31 09:20:13.696 UTC,,,,,41.74,-87.6,41.74,-87.6,casual
ACD429FC560B1F69,electric_bike,2024-05-06 21:10:19 UTC,2024-05-06 21:26:15 UTC,,,,,41.75,-87.57,41.74,-87.55,member
C2099404F7835227,electric_bike,2024-09-17 16:43:31.966 UTC,2024-09-17 16:55:49.261 UTC,,,,,41.77,-87.58,41.74,-87.55,casual
7E0B3362B5D25FF6,electric_bike,2024-11-05 09:09:58.475 UTC,2024-11-05 09:21:24.555 UTC,,,,,41.74,-87.59,41.74,-87.6,casual
AF2778FB218CD785,electric_bike,2024-06-27 09:20:22.992 UTC,2024-06-27 09:49:43.842 UTC,,,,,41.74,-87.55,41.74,-87.54,casual
52FD27464D9C1E55,electric_bike,2024-07-01 21:06:56.313 UTC,2024-07-01 21:11:14.519 UTC,,,,,41.73,-87.55,41.74,-87.55,casual
AA571E442BAE6EC8,electric_bike,2024-10-04 13:53:37.672 UTC,2024-10-04 14:21:23.06 UTC,,,,,41.74,-87.64,41.74,-87.64,casual
0F96B5409E932DE6,electric_bike,2024-10-10 19:31:16.351 UTC,2024-10-10 20:02:19.444 UTC,,,,,41.72,-87.58,41.74,-87.56,casual
BDC214D4A6B4CE94,electric_bike,2024-10-14 12:53:26.619 UTC,2024-10-14 13:10:16.863 UTC,,,,,41.73,-87.56,41.74,-87.63,casual
EF99CE1F63F3FF35,electric_bike,2024-10-02 21:25:07.083 UTC,2024-10-02 21:53:40.646 UTC,,,,,41.74,-87.6,41.74,-87.6,casual
EAFF078940E0C036,electric_bike,2024-05-25 08:30:24 UTC,2024-05-25 08:32:10 UTC,,,,,41.74,-87.55,41.74,-87.55,member
F365F035FDA01ADD,electric_bike,2024-04-07 08:59:29 UTC,2024-04-07 09:02:20 UTC,,,,,41.74,-87.6,41.74,-87.6,casual
83D4866ACE4BAF57,electric_bike,2024-08-10 02:23:08.52 UTC,2024-08-10 02:31:26.408 UTC,,,,,41.76,-87.56,41.74,-87.55,member
63D331DFE95AD82A,electric_bike,2024-09-16 17:19:26.038 UTC,2024-09-16 17:20:35.637 UTC,,,Burley Ave & 85th St,24393,41.74,-87.55,41.74117,-87.54518,member
CAA11610D51D3E98,electric_bike,2024-07-04 02:59:22.46 UTC,2024-07-04 03:09:20.603 UTC,,,Kedzie Ave & 83rd St,23117,41.73,-87.74,41.742523,-87.702279,casual
86B6DF9322AA07E4,electric_bike,2024-06-18 12:14:35.022 UTC,2024-06-18 12:20:02.99 UTC,,,Kedzie Ave & 83rd St,23117,41.75,-87.69,41.742523,-87.702279,casual
408F68EA63E8E51A,electric_bike,2024-04-15 08:45:07 UTC,2024-04-15 09:33:25 UTC,,,Public Rack - Baker Ave & 863rd Pl,892,41.86,-87.67,41.743346,-87.550582,member
5873C29FAF4A5D4F,electric_bike,2024-07-20 11:30:25.59 UTC,2024-07-20 11:52:28.297 UTC,,,South Chicago Ave & 83rd St,588,41.78,-87.61,41.743921,-87.575225,member
00E3C4B743F82A39,electric_bike,2024-08-30 17:03:46.134 UTC,2024-08-30 17:05:58.84 UTC,,,Ellis Ave & 83rd St,584,41.74,-87.6,41.744123,-87.599034,casual
C234AAA4690DA613,electric_bike,2024-06-29 08:01:12.219 UTC,2024-06-29 09:05:05.208 UTC,,,Commercial Ave & 83rd St,TA1309000051,41.78,-87.58,41.744615,-87.551208,member
A8A1B6E7040A967C,electric_bike,2024-12-13 15:05:52.881 UTC,2024-12-13 15:11:43.385 UTC,,,Commercial Ave & 83rd St,TA1309000051,41.76,-87.56,41.744615,-87.551208,member
C5268C021DC7445B,electric_bike,2024-06-28 16:41:52.071 UTC,2024-06-28 16:57:00.325 UTC,,,Commercial Ave & 83rd St,TA1309000051,41.74,-87.58,41.744615,-87.551208,member
07B7010DB27B663A,electric_bike,2024-12-15 16:20:37.972 UTC,2024-12-15 16:24:29.085 UTC,,,Commercial Ave & 83rd St,TA1309000051,41.75,-87.55,41.744615,-87.551208,member
13180BDD23DE072C,electric_bike,2024-06-02 16:28:37.119 UTC,2024-06-02 16:31:25.134 UTC,,,Commercial Ave & 83rd St,TA1309000051,41.74,-87.54,41.744615,-87.551208,casual
5FBABDFA9EFE2A85,electric_bike,2024-06-06 14:26:38.686 UTC,2024-06-06 14:32:42.487 UTC,,,Commercial Ave & 83rd St,TA1309000051,41.74,-87.55,41.744615,-87.551208,member
A7DC03F020C67936,electric_bike,2024-07-04 18:31:58.527 UTC,2024-07-04 20:37:14.143 UTC,,,Commercial Ave & 83rd St,TA1309000051,41.78,-87.58,41.744615,-87.551208,member
6057ACF11E00FC4B,electric_bike,2024-07-02 18:15:40.313 UTC,2024-07-02 18:50:08.152 UTC,,,Damen Ave & 81st St,23120,41.76,-87.63,41.746534,-87.673055,casual
78904C8E545F861B,electric_bike,2024-09-25 05:05:22.777 UTC,2024-09-25 05:15:27.444 UTC,,,Columbus Ave & 79th St,23128,41.73,-87.74,41.749119,-87.704263,casual
A65CEFA47239A5AE,electric_bike,2024-06-12 02:57:30.708 UTC,2024-06-12 03:07:38.1 UTC,,,Columbus Ave & 79th St,23128,41.73,-87.74,41.749119,-87.704263,casual
88778D9B7B9B8A42,electric_bike,2024-10-09 11:02:58.672 UTC,2024-10-09 11:11:02.866 UTC,,,,,41.75,-87.67,41.75,-87.7,casual
1079FAB88ECB66C1,electric_bike,2024-07-16 12:35:29.244 UTC,2024-07-16 12:57:17.791 UTC,,,,,41.75,-87.55,41.75,-87.55,casual
011585690CD2CE37,electric_bike,2024-11-04 09:05:50.658 UTC,2024-11-04 09:11:24.345 UTC,,,,,41.75,-87.65,41.75,-87.65,member
59D807909BB7CAB0,electric_bike,2024-05-12 12:31:07 UTC,2024-05-12 14:08:14 UTC,,,,,41.76,-87.65,41.75,-87.65,casual
D4512E728B7E9B3A,electric_bike,2024-10-27 12:10:52.334 UTC,2024-10-27 12:26:12.123 UTC,,,,,41.74,-87.6,41.75,-87.56,member
6A01544DFFC4125D,electric_bike,2024-09-22 17:58:41.018 UTC,2024-09-22 18:01:47.073 UTC,,,,,41.75,-87.61,41.75,-87.61,member
78344B008F1265B2,electric_bike,2024-07-09 18:44:07.389 UTC,2024-07-09 18:48:02.564 UTC,,,,,41.74,-87.65,41.75,-87.65,casual
9AC5C137B5F3B630,electric_bike,2024-08-08 21:52:58.298 UTC,2024-08-08 21:56:04.052 UTC,,,,,41.76,-87.59,41.75,-87.59,member
F73BB55D19E3A382,electric_bike,2024-06-26 17:57:18.336 UTC,2024-06-26 19:39:51.017 UTC,,,,,41.75,-87.56,41.75,-87.56,casual
DDEBB43162A762A6,electric_bike,2024-11-05 09:08:20.936 UTC,2024-11-05 09:18:37.701 UTC,,,,,41.76,-87.66,41.75,-87.65,member
F4552C4C078DB555,electric_bike,2024-07-03 08:46:29.291 UTC,2024-07-03 09:22:04.556 UTC,,,,,41.75,-87.65,41.75,-87.66,casual
A4CD068D9EF04B3B,electric_bike,2024-08-10 17:33:22.13 UTC,2024-08-10 18:07:40.521 UTC,,,,,41.76,-87.69,41.75,-87.7,member
DA57C20C6189A316,electric_bike,2024-08-20 20:50:37.686 UTC,2024-08-20 20:52:06.158 UTC,,,,,41.75,-87.61,41.75,-87.61,casual
051D53B062AACF39,electric_bike,2024-07-21 21:23:25.972 UTC,2024-07-21 21:39:14.613 UTC,,,,,41.72,-87.69,41.75,-87.7,casual
54EA2E38E83C5654,electric_bike,2024-07-25 16:47:08.53 UTC,2024-07-25 17:06:18.927 UTC,,,,,41.77,-87.74,41.75,-87.74,casual
DC7E67F218256874,electric_bike,2024-07-16 16:57:16.413 UTC,2024-07-16 17:07:15.19 UTC,,,,,41.77,-87.57,41.75,-87.55,member
838F7F438165723B,electric_bike,2024-08-12 20:48:56.324 UTC,2024-08-12 21:09:43.38 UTC,,,,,41.75,-87.66,41.75,-87.66,casual
5A9FF8233F64241E,electric_bike,2024-05-19 12:00:24 UTC,2024-05-19 12:11:20 UTC,,,,,41.77,-87.58,41.75,-87.56,member
217C46747E7279BF,electric_bike,2024-04-19 16:05:10 UTC,2024-04-19 17:40:28 UTC,,,,,41.75,-87.6,41.75,-87.62,casual
61B4F77A9BBAB34B,electric_bike,2024-07-25 05:50:14.226 UTC,2024-07-25 07:08:57.197 UTC,,,,,41.89,-87.62,41.75,-87.56,casual
63AD573FB1A8F766,electric_bike,2024-03-17 14:00:43 UTC,2024-03-17 14:12:13 UTC,,,,,41.74,-87.63,41.75,-87.6,casual
B64253D9C6827668,electric_bike,2024-04-17 23:31:05 UTC,2024-04-17 23:46:27 UTC,,,,,41.75,-87.73,41.75,-87.73,casual
543C60D43FF7CD18,electric_bike,2024-07-03 20:04:51.536 UTC,2024-07-03 20:10:38.237 UTC,,,,,41.75,-87.67,41.75,-87.67,casual
1BFB9A7447587F69,electric_bike,2024-09-04 23:01:14.31 UTC,2024-09-04 23:33:49.797 UTC,,,,,41.75,-87.66,41.75,-87.66,member
316BBA57BC7B0390,electric_bike,2024-10-13 17:57:39.618 UTC,2024-10-13 18:30:16.07 UTC,,,,,41.8,-87.62,41.75,-87.65,member
0A97216F2974A574,electric_scooter,2024-09-20 18:14:54.887 UTC,2024-09-20 20:30:01.768 UTC,,,,,41.76,-87.64,41.75,-87.61,casual
6425989A3E70DF0F,electric_bike,2024-03-09 15:01:24 UTC,2024-03-09 15:18:47 UTC,,,,,41.77,-87.56,41.75,-87.55,member
E0398DA06258F7C3,electric_bike,2024-05-06 10:20:21 UTC,2024-05-06 10:25:06 UTC,,,,,41.74,-87.55,41.75,-87.55,member
156C8466176A17DD,electric_bike,2024-06-27 14:23:38.55 UTC,2024-06-27 14:36:06.456 UTC,,,State St & 79th St,573,41.75,-87.56,41.750794,-87.624424,member
8E4743A4D9E502BA,electric_bike,2024-08-09 00:51:19.38 UTC,2024-08-09 01:08:47.132 UTC,,,Greenwood Ave & 79th St,576,41.71,-87.6,41.75132,-87.595982,casual
9DFF2340A8519E70,electric_bike,2024-05-16 10:48:51 UTC,2024-05-16 10:57:34 UTC,,,Greenwood Ave & 79th St,576,41.75,-87.57,41.75132,-87.595982,casual
E390AEAE26541E53,electric_bike,2024-08-05 02:46:55.508 UTC,2024-08-05 03:06:32.319 UTC,,,Public Rack - Paxton Ave & 79th St,943,41.75,-87.57,41.75167773,-87.57045748,casual
8CF207C98A0C4DEE,electric_bike,2024-10-31 10:20:24.626 UTC,2024-10-31 10:26:01.843 UTC,,,Bennett Ave & 79th St,16970,41.75,-87.56,41.751785,-87.578496,casual
724FB884DDE1128D,electric_bike,2024-08-09 20:35:04.061 UTC,2024-08-09 20:40:51.92 UTC,,,Phillips Ave & 79th St,579,41.75,-87.58,41.75182,-87.565211,casual
D677F71138D3B387,electric_bike,2024-03-07 13:59:12 UTC,2024-03-07 14:10:12 UTC,,,Exchange Ave & 79th St,580,41.75,-87.55,41.752029,-87.552096,member
E91D77866983AC1F,electric_bike,2024-10-19 11:30:55.813 UTC,2024-10-19 12:28:29.191 UTC,,,Exchange Ave & 79th St,580,41.77,-87.57,41.752115006332652,-87.552007000252928,member
7401452FFD980AF5,electric_bike,2024-09-10 20:38:30.293 UTC,2024-09-10 20:46:55.558 UTC,,,Exchange Ave & 79th St,580,41.76,-87.59,41.752115006332652,-87.552007000252928,casual
13B4BE23B1F33F63,electric_bike,2024-07-30 22:16:34.716 UTC,2024-07-30 22:42:38.978 UTC,,,Ashland Ave & 78th St,20234,41.77,-87.57,41.752204849411157,-87.663699388504028,casual
6D31B3BFE8AD0F17,electric_bike,2024-09-29 19:06:39.654 UTC,2024-09-29 19:10:14.663 UTC,,,Ashland Ave & 78th St,20234,41.75,-87.66,41.752204849411157,-87.663699388504028,member
F54D216EDDD11EFB,electric_bike,2024-06-19 20:15:58.695 UTC,2024-06-19 20:57:20.506 UTC,,,Halsted St & 78th St,20233,41.8,-87.76,41.752487012490128,-87.6439021574879,member
1A6FB2F1218C8DF9,electric_bike,2024-06-02 11:43:22.867 UTC,2024-06-02 12:34:33.368 UTC,,,Jeffery Blvd & 76th St,KA1503000028,41.77,-87.57,41.75712006802,-87.5758393587,casual
F3E16FD0A25DAFEF,electric_bike,2024-07-02 20:24:02.155 UTC,2024-07-02 23:02:30.795 UTC,,,Vernon Ave & 75th St,571,41.77,-87.58,41.758361,-87.614138,member
A91DEF1F7EF31028,electric_bike,2024-07-19 22:39:12.543 UTC,2024-07-19 23:14:03.621 UTC,,,Evans Ave & 75th St,570,41.73,-87.68,41.75849,-87.60641,casual
11D68D896369563F,electric_bike,2024-10-31 13:17:36.225 UTC,2024-10-31 13:36:29.426 UTC,,,Stony Island Ave & 75th St,KA1503000019,41.71,-87.56,41.7586696704,-87.586882871,casual
4C9B8B7D93B1C08B,electric_bike,2024-08-25 15:31:07.401 UTC,2024-08-25 15:43:04.105 UTC,,,Stony Island Ave & 75th St,KA1503000019,41.74,-87.59,41.7586696704,-87.586882871,casual
3A78A96A252052EA,electric_bike,2024-10-06 17:10:10.375 UTC,2024-10-06 17:19:03.174 UTC,,,Stony Island Ave & 75th St,KA1503000019,41.78,-87.59,41.7586696704,-87.586882871,casual
03963EF2DA304CE3,electric_bike,2024-06-14 12:33:49.55 UTC,2024-06-14 12:40:43.562 UTC,,,Yates Blvd & 75th St,KA1503000024,41.76,-87.56,41.758768,-87.56644,member
D5D78775C3640CFC,electric_bike,2024-04-30 12:35:12 UTC,2024-04-30 12:57:15 UTC,,,Yates Blvd & 75th St,KA1503000024,41.78,-87.62,41.758768,-87.56644,member
C3D3918513FEB294,electric_bike,2024-10-08 13:02:23.403 UTC,2024-10-08 13:13:56.824 UTC,,,Damen Ave & 74th St,16951,41.77,-87.63,41.759274039331224,-87.67363429069519,member
A8A071BEE9E0EE9F,electric_bike,2024-09-17 15:27:09.784 UTC,2024-09-17 15:48:21.08 UTC,,,Damen Ave & 74th St,16951,41.79,-87.69,41.759274039331224,-87.67363429069519,member
69F65A4D0F6122DD,electric_bike,2024-08-09 16:01:26.673 UTC,2024-08-09 16:04:23.569 UTC,,,,,41.76,-87.56,41.76,-87.57,casual
13D7560898E07BD7,electric_scooter,2024-09-14 14:02:47.33 UTC,2024-09-14 15:13:46.06 UTC,,,,,41.76,-87.58,41.76,-87.58,casual
68F15AC942A59B75,electric_bike,2024-07-31 20:46:18.926 UTC,2024-07-31 21:31:54.311 UTC,,,,,41.76,-87.69,41.76,-87.69,member
991ED8FE118B7124,electric_bike,2024-06-16 12:47:06.817 UTC,2024-06-16 12:56:59.307 UTC,,,,,41.75,-87.57,41.76,-87.56,casual
3740139F7D00A37A,electric_bike,2024-03-27 17:18:23 UTC,2024-03-27 17:25:39 UTC,,,,,41.76,-87.59,41.76,-87.58,casual
93AD38FE84A7C64D,electric_bike,2024-10-21 11:26:35.968 UTC,2024-10-21 11:31:17.011 UTC,,,,,41.76,-87.61,41.76,-87.62,casual
1A782DE1B2DAD46B,electric_bike,2024-11-16 13:47:25.751 UTC,2024-11-16 13:59:35.024 UTC,,,,,41.75,-87.65,41.76,-87.66,member
662DC44FCBF464B1,electric_bike,2024-12-30 21:29:45.004 UTC,2024-12-30 21:31:57.144 UTC,,,,,41.76,-87.57,41.76,-87.57,member
C7DA2C924111AB18,electric_scooter,2024-09-12 11:40:23.56 UTC,2024-09-12 11:45:40.486 UTC,,,,,41.76,-87.59,41.76,-87.59,casual
72B34C87DDAE9A81,electric_bike,2024-08-24 16:42:08.744 UTC,2024-08-24 16:49:36.549 UTC,,,,,41.77,-87.64,41.76,-87.64,casual
4DD14383E8D11099,electric_bike,2024-08-27 01:01:22.796 UTC,2024-08-27 01:21:54.644 UTC,,,,,41.79,-87.67,41.76,-87.69,member
111DBB1DD94B87B3,electric_bike,2024-07-14 18:28:44.442 UTC,2024-07-14 18:32:14.349 UTC,,,,,41.76,-87.65,41.76,-87.64,casual
58950497B7BA21CD,electric_scooter,2024-09-27 11:34:49.769 UTC,2024-09-27 11:51:17.602 UTC,,,,,41.76,-87.62,41.76,-87.62,casual
59DB842EA65A8353,electric_bike,2024-02-23 14:12:00 UTC,2024-02-23 14:19:20 UTC,,,,,41.77,-87.63,41.76,-87.62,casual
DF755F99C80873D5,electric_bike,2024-12-31 23:39:07.335 UTC,2024-12-31 23:42:24 UTC,,,,,41.76,-87.58,41.76,-87.56,member
88C1C9AE96DB9CC1,electric_bike,2024-07-12 20:22:36.056 UTC,2024-07-12 21:19:58.373 UTC,,,,,41.85,-87.61,41.76,-87.58,casual
DEDF0C93EA684E1A,electric_bike,2024-10-05 14:17:47.905 UTC,2024-10-05 14:44:25.125 UTC,,,,,41.76,-87.69,41.76,-87.69,member
985209E01A23B23A,electric_bike,2024-07-23 00:45:56.139 UTC,2024-07-23 01:01:32.877 UTC,,,,,41.79,-87.67,41.76,-87.69,member
4C6F7CC96868931F,electric_bike,2024-10-08 20:16:50.02 UTC,2024-10-08 20:35:34.709 UTC,,,,,41.79,-87.67,41.76,-87.65,casual
E1D84C291601740E,electric_scooter,2024-09-27 18:07:58.194 UTC,2024-09-27 20:35:17.427 UTC,,,,,41.77,-87.62,41.76,-87.61,casual
D3AA603890A15537,electric_bike,2024-07-05 07:41:53.033 UTC,2024-07-05 07:49:10.594 UTC,,,,,41.75,-87.66,41.76,-87.66,casual
2C3F4EBFA00D4ED9,electric_bike,2024-07-11 10:37:09.938 UTC,2024-07-11 10:39:57.15 UTC,,,,,41.75,-87.66,41.76,-87.66,casual
F5799FE599835344,electric_bike,2024-08-11 03:40:54.872 UTC,2024-08-11 03:47:42.316 UTC,,,,,41.76,-87.65,41.76,-87.63,casual
96954EABB9C2156C,electric_bike,2024-05-30 05:04:08 UTC,2024-05-30 05:12:02 UTC,,,,,41.77,-87.63,41.76,-87.62,casual
DA86F38BB1C78DEB,electric_bike,2024-05-25 10:30:26 UTC,2024-05-25 11:39:00 UTC,,,,,41.76,-87.63,41.76,-87.63,casual
D67722AF324FFD2A,electric_bike,2024-06-30 18:48:16.337 UTC,2024-06-30 18:50:17.647 UTC,,,,,41.76,-87.56,41.76,-87.56,member
770285E4CC36F4AC,electric_bike,2024-06-12 21:41:15.633 UTC,2024-06-12 23:00:15.965 UTC,,,,,41.77,-87.61,41.76,-87.58,member
33824FB4AFE79E7D,electric_bike,2024-08-17 14:28:21.372 UTC,2024-08-17 15:09:21.446 UTC,,,,,41.79,-87.67,41.76,-87.69,member
39BBC58B4533D42D,electric_bike,2024-02-26 20:10:45 UTC,2024-02-26 20:22:11 UTC,,,,,41.78,-87.6,41.76,-87.59,member
42D7850ECCF6D365,electric_bike,2024-06-30 17:24:03.822 UTC,2024-06-30 17:29:21.197 UTC,,,,,41.76,-87.59,41.76,-87.58,member
24948754F391F03B,electric_bike,2024-05-01 14:09:10 UTC,2024-05-01 14:53:00 UTC,,,,,41.76,-87.64,41.76,-87.64,casual
609D2C4E7EE868E5,electric_bike,2024-08-08 15:32:34.089 UTC,2024-08-08 15:40:23.228 UTC,,,,,41.76,-87.59,41.76,-87.58,member
A24D7FED2EC79CA2,electric_bike,2024-08-28 17:37:18.882 UTC,2024-08-28 17:43:14.048 UTC,,,,,41.76,-87.69,41.76,-87.69,member
5192C194FDF21323,electric_bike,2024-08-31 10:03:34.92 UTC,2024-08-31 10:26:59.653 UTC,,,,,41.75,-87.66,41.76,-87.65,member
FAF1667F6349F2AE,electric_bike,2024-06-07 17:34:01.865 UTC,2024-06-07 17:38:31.906 UTC,,,,,41.76,-87.55,41.76,-87.55,casual
5F288E568E8E45D1,electric_bike,2024-02-03 16:01:46 UTC,2024-02-03 16:15:13 UTC,,,,,41.77,-87.59,41.76,-87.57,casual
6F0E987180763CCA,electric_bike,2024-12-28 23:46:44.469 UTC,2024-12-28 23:55:55.327 UTC,,,,,41.73,-87.58,41.76,-87.57,member
C83AA5AD431199BF,electric_bike,2024-05-15 19:05:03 UTC,2024-05-15 19:16:01 UTC,,,,,41.76,-87.57,41.76,-87.6,casual
794B8DA873FF9BAE,electric_bike,2024-11-03 10:43:18.3 UTC,2024-11-03 10:54:19.881 UTC,,,,,41.78,-87.66,41.76,-87.66,member
FB17F0B8FC8D677E,electric_bike,2024-11-03 13:00:37.591 UTC,2024-11-03 13:13:10.604 UTC,,,,,41.76,-87.69,41.76,-87.69,member
68D9186D0F3CFB25,electric_bike,2024-06-23 07:55:49.087 UTC,2024-06-23 08:04:00.495 UTC,,,,,41.76,-87.56,41.76,-87.56,casual
8812F091A2A20B8A,electric_bike,2024-12-24 15:58:24.142 UTC,2024-12-24 16:01:04.485 UTC,,,,,41.76,-87.58,41.76,-87.56,member
6D86D2EE290D41BE,electric_bike,2024-10-30 08:54:53.487 UTC,2024-10-30 09:05:48.627 UTC,,,,,41.78,-87.58,41.76,-87.58,casual
D7372D99AB3086F2,electric_bike,2024-06-17 21:01:32.694 UTC,2024-06-17 21:19:33.189 UTC,,,South Shore Dr & 74th St,KA1503000020,41.76,-87.56,41.76218896038,-87.55927465,member
5F9CDCCD07BDA6C8,electric_bike,2024-01-01 16:35:34 UTC,2024-01-01 16:52:21 UTC,,,South Shore Dr & 74th St,KA1503000020,41.77,-87.63,41.76218896038,-87.55927465,casual
7E477AFD759A84DD,electric_bike,2024-04-06 16:50:03 UTC,2024-04-06 17:10:32 UTC,,,Public Rack - Troy & 71st,1252.0,41.78,-87.72,41.76433,-87.70193,casual
B56EA70A91884C42,electric_bike,2024-05-11 16:33:38 UTC,2024-05-11 16:45:10 UTC,,,St. Louis & 71st St,23138,41.76,-87.72,41.764354,-87.710121,casual
B9333ABDEFB9C577,electric_bike,2024-09-14 12:42:34.884 UTC,2024-09-14 13:14:33.672 UTC,,,Public Rack - Sacramento & 71st,1248.0,41.77,-87.72,41.764396,-87.698106,casual
DE79DDD2CA59BD59,electric_bike,2024-10-10 00:46:35.895 UTC,2024-10-10 00:59:19.85 UTC,,,Springfield Ave & 71st St,23137,41.8,-87.72,41.764484,-87.720028,casual
8E0E5BAAF98E1DF5,electric_bike,2024-10-27 12:37:23.607 UTC,2024-10-27 12:45:54.863 UTC,,,California Ave & 71st St,23140,41.76,-87.68,41.764748,-87.693121,member
95F13D1A1B869172,electric_bike,2024-07-25 14:13:17.214 UTC,2024-07-25 14:29:57.827 UTC,,,Kedzie Ave & Redfield Dr,23139,41.75,-87.71,41.76523,-87.70316,casual
D7DD2EDF18522205,electric_bike,2024-03-14 19:54:09 UTC,2024-03-14 19:56:48 UTC,,,Michigan Ave & 71st St,651,41.77,-87.62,41.765286,-87.621748,member
86772AAB8B789CB7,electric_bike,2024-09-18 15:22:51.016 UTC,2024-09-18 15:40:41.971 UTC,,,Calumet Ave & 71st St,15599,41.79,-87.59,41.76550800581,-87.616917925,member
986952A72AE43B32,electric_bike,2024-01-30 06:28:07 UTC,2024-01-30 06:30:16 UTC,,,Public Rack - Calumet Ave & 71st St,728,41.77,-87.62,41.765537,-87.617305,member
E3B65A81457EEFF2,electric_bike,2024-04-15 14:41:30 UTC,2024-04-15 15:10:07 UTC,,,Cottage Grove Ave & 71st St,KA1503000003,41.84,-87.62,41.76571903697,-87.604959713,member
9F4E0C0FA047FD43,electric_bike,2024-10-03 00:28:14.222 UTC,2024-10-03 00:36:22.813 UTC,,,Rhodes Ave & 71st St,652,41.77,-87.63,41.766,-87.611726,casual
57BFE665F6DAD912,electric_bike,2024-05-31 15:16:25 UTC,2024-05-31 15:39:26 UTC,,,Rhodes Ave & 71st St,652,41.76,-87.56,41.766,-87.611726,casual
088EE24B3772C8BA,electric_bike,2024-03-20 12:40:31 UTC,2024-03-20 12:50:58 UTC,,,Public Rack - Jeffrey Blvd & 71st St,736,41.77,-87.58,41.766333,-87.576154,casual
45430B39E97AF65C,electric_bike,2024-06-29 09:19:58.111 UTC,2024-06-29 09:36:19.157 UTC,,,South Shore Dr & 71st St,KA1503000002,41.79,-87.6,41.7664094567,-87.5656875719,member
3DD0F51D34D90D40,electric_bike,2024-09-27 17:29:18.787 UTC,2024-09-27 17:38:06.479 UTC,,,South Shore Dr & 71st St,KA1503000002,41.77,-87.58,41.7664094567,-87.5656875719,casual
2766A8FC1E1ED2BA,electric_bike,2024-07-01 19:23:32.002 UTC,2024-07-01 21:25:55.02 UTC,,,South Shore Dr & 71st St,KA1503000002,41.91,-87.62,41.7664094567,-87.5656875719,casual
37EA3A1866FE7585,electric_bike,2024-10-13 18:47:48.481 UTC,2024-10-13 19:01:52.155 UTC,,,South Shore Dr & 71st St,KA1503000002,41.8,-87.59,41.7664094567,-87.5656875719,casual
B01CA7B738BE129F,electric_bike,2024-11-12 15:49:39.428 UTC,2024-11-12 16:02:10.801 UTC,,,South Shore Dr & 71st St,KA1503000002,41.79,-87.59,41.7664094567,-87.5656875719,casual
ADD5C885A381F70E,electric_bike,2024-08-23 18:33:00.353 UTC,2024-08-23 18:47:34.622 UTC,,,South Shore Dr & 71st St,KA1503000002,41.79,-87.59,41.7664094567,-87.5656875719,casual
F0C18E662764CC8B,electric_bike,2024-04-21 14:25:29 UTC,2024-04-21 14:34:47 UTC,,,South Shore Dr & 71st St,KA1503000002,41.76,-87.59,41.7664094567,-87.5656875719,member
B3B346F1447EAB0D,electric_bike,2024-09-15 13:10:21.034 UTC,2024-09-15 13:36:41.836 UTC,,,South Shore Dr & 71st St,KA1503000002,41.84,-87.62,41.7664094567,-87.5656875719,member
DD9D121B18C522E1,electric_bike,2024-10-11 11:26:16.621 UTC,2024-10-11 11:42:27.145 UTC,,,South Shore Dr & 71st St,KA1503000002,41.78,-87.61,41.7664094567,-87.5656875719,casual
B3F718C25B6E28D0,electric_bike,2024-06-20 11:02:29.683 UTC,2024-06-20 11:20:38.401 UTC,,,South Shore Dr & 71st St,KA1503000002,41.8,-87.59,41.7664094567,-87.5656875719,casual
704778909D67E66B,electric_bike,2024-04-09 12:10:24 UTC,2024-04-09 12:36:27 UTC,,,South Shore Dr & 71st St,KA1503000002,41.85,-87.62,41.7664094567,-87.5656875719,casual
82E9DD267B9F1D69,electric_bike,2024-06-13 15:36:17.368 UTC,2024-06-13 15:38:58.674 UTC,,,South Shore Dr & 71st St,KA1503000002,41.77,-87.57,41.7664094567,-87.5656875719,member
A3F97ADB8D216DA9,electric_bike,2024-06-27 16:18:18.693 UTC,2024-06-27 16:25:41.819 UTC,,,South Shore Dr & 71st St,KA1503000002,41.76,-87.58,41.7664094567,-87.5656875719,member
CA438CA82ABE3C31,electric_bike,2024-12-10 05:52:15.46 UTC,2024-12-10 05:55:32.226 UTC,,,South Shore Dr & 71st St,KA1503000002,41.76,-87.56,41.7664094567,-87.5656875719,member
8371033ADB27BE2E,electric_bike,2024-12-04 01:01:53.739 UTC,2024-12-04 01:11:51.014 UTC,,,Stony Island Ave & 71st St,KA1503000045,41.77,-87.63,41.7664929373,-87.5864608775,member
8A4AE337E5E583F7,electric_bike,2024-03-17 17:17:13 UTC,2024-03-17 18:26:29 UTC,,,Stony Island Ave & 71st St,KA1503000045,41.77,-87.57,41.7664929373,-87.5864608775,member
47AEBE31EBDBABD7,electric_bike,2024-06-21 15:37:42.074 UTC,2024-06-21 15:40:48.182 UTC,,,Stony Island Ave & 71st St,KA1503000045,41.77,-87.59,41.7664929373,-87.5864608775,member
14C0D5F2DC0DD621,electric_bike,2024-06-18 04:33:47.262 UTC,2024-06-18 05:33:33.699 UTC,,,Stony Island Ave & 71st St,KA1503000045,41.89,-87.63,41.7664929373,-87.5864608775,member
130899B72C7C671B,electric_bike,2024-04-29 15:51:57 UTC,2024-04-29 16:31:46 UTC,,,Stony Island Ave & 71st St,KA1503000045,41.82,-87.61,41.7664929373,-87.5864608775,casual
ABC90F150FDF6F68,electric_bike,2024-08-22 09:21:23.673 UTC,2024-08-22 09:23:27.903 UTC,,,Stony Island Ave & 71st St,KA1503000045,41.77,-87.59,41.7664929373,-87.5864608775,member
A9B07D3EE16FD35B,electric_bike,2024-08-31 19:28:02.776 UTC,2024-08-31 19:58:42.095 UTC,,,Jeffery Blvd & 71st St,KA1503000018,41.87,-87.62,41.76663823695,-87.5764501141,member
C350AA8C4F87C4D7,electric_bike,2024-08-21 13:32:38.887 UTC,2024-08-21 13:36:12.507 UTC,,,Jeffery Blvd & 71st St,KA1503000018,41.77,-87.59,41.76663823695,-87.5764501141,member
F9B4A94F70124178,electric_bike,2024-10-02 13:28:58.459 UTC,2024-10-02 13:33:22.852 UTC,,,Jeffery Blvd & 71st St,KA1503000018,41.77,-87.59,41.76663823695,-87.5764501141,member
6B23DB6B3F7C0D65,electric_bike,2024-09-29 18:50:49.936 UTC,2024-09-29 19:10:46.408 UTC,,,Jeffery Blvd & 71st St,KA1503000018,41.77,-87.57,41.76663823695,-87.5764501141,member
32FD46122153C5A3,electric_bike,2024-09-19 01:17:02.772 UTC,2024-09-19 01:25:58.117 UTC,,,May St & 69th St,567,41.77,-87.63,41.768938,-87.652934,casual
45DCC2481F6E18CE,electric_bike,2024-02-08 13:52:06 UTC,2024-02-08 14:27:22 UTC,,,May St & 69th St,567,41.77,-87.65,41.768938,-87.652934,member
B0E46C11F6738E6C,electric_bike,2024-02-23 10:31:13 UTC,2024-02-23 11:00:59 UTC,,,May St & 69th St,567,41.77,-87.63,41.768938,-87.652934,member
710A22B1085B481E,electric_bike,2024-03-17 11:57:41 UTC,2024-03-17 11:59:43 UTC,,,May St & 69th St,567,41.77,-87.66,41.768938,-87.652934,casual
2BA8BA1C6F67B503,electric_bike,2024-03-04 16:14:06 UTC,2024-03-04 16:39:53 UTC,,,May St & 69th St,567,41.77,-87.65,41.768938,-87.652934,member
8DCCA3C205E44DAD,electric_bike,2024-05-12 14:12:47 UTC,2024-05-12 14:18:12 UTC,,,May St & 69th St,567,41.77,-87.66,41.768938,-87.652934,casual
1B0E4984BB62E26C,electric_bike,2024-06-18 20:26:48.071 UTC,2024-06-18 21:22:34.16 UTC,,,May St & 69th St,567,41.76,-87.67,41.768938,-87.652934,member
4A2F758AE0BB45AA,electric_bike,2024-12-31 02:28:55.046 UTC,2024-12-31 02:36:38.975 UTC,,,May St & 69th St,567,41.77,-87.63,41.768938,-87.652934,casual
B8F3055098B98F7B,electric_bike,2024-06-21 07:22:55.881 UTC,2024-06-21 07:39:16.968 UTC,,,May St & 69th St,567,41.77,-87.66,41.768938,-87.652934,casual
8C8DA9DB5AEA799A,electric_bike,2024-04-17 08:27:27 UTC,2024-04-17 08:33:22 UTC,,,Perry Ave & 69th St,KA1503000047,41.77,-87.64,41.76929308995,-87.6281959291,casual
F4E921BD2774DAF0,electric_bike,2024-06-07 20:09:11.685 UTC,2024-06-07 20:30:45.115 UTC,,,Perry Ave & 69th St,KA1503000047,41.78,-87.69,41.76929308995,-87.6281959291,casual
F70AA838C925D40E,electric_bike,2024-06-23 08:31:49.67 UTC,2024-06-23 08:41:35.486 UTC,,,Perry Ave & 69th St,KA1503000047,41.76,-87.65,41.76929308995,-87.6281959291,member
8BC403D67E5273BB,electric_bike,2024-06-02 14:37:35.259 UTC,2024-06-02 14:55:04.985 UTC,,,,,41.8,-87.59,41.77,-87.56,casual
52378ED537B24752,electric_bike,2024-04-14 15:25:48 UTC,2024-04-14 15:28:35 UTC,,,,,41.77,-87.66,41.77,-87.66,casual
A29F0B8410C5CCFA,electric_bike,2024-08-25 19:16:56.859 UTC,2024-08-25 19:57:15.299 UTC,,,,,41.77,-87.58,41.77,-87.58,member
120B40FBAF48DCB2,electric_bike,2024-02-21 15:16:37 UTC,2024-02-21 16:53:07 UTC,,,,,41.89,-87.63,41.77,-87.63,member
CC72C1D4727BEE9E,electric_bike,2024-05-31 10:21:36 UTC,2024-05-31 10:24:45 UTC,,,,,41.77,-87.66,41.77,-87.66,casual
B303D507A372F4CE,electric_bike,2024-04-27 16:46:02 UTC,2024-04-27 17:51:00 UTC,,,,,41.86,-87.63,41.77,-87.57,casual
51B405CEF27BDB15,electric_bike,2024-10-21 10:40:52.081 UTC,2024-10-21 10:44:42.056 UTC,,,,,41.77,-87.64,41.77,-87.63,casual
38CF0BC15C3A49F8,electric_bike,2024-09-19 15:41:09.213 UTC,2024-09-19 15:53:27.512 UTC,,,,,41.78,-87.75,41.77,-87.74,member
1DFB31A8BD5B7DC4,electric_bike,2024-08-03 18:25:58.228 UTC,2024-08-03 19:26:01.636 UTC,,,,,41.8,-87.59,41.77,-87.57,casual
BEE8745270677C06,electric_bike,2024-01-29 16:21:39 UTC,2024-01-29 16:36:03 UTC,,,,,41.78,-87.59,41.77,-87.57,member
998512AB6D413AEB,electric_bike,2024-05-17 02:16:38 UTC,2024-05-17 02:58:41 UTC,,,,,41.77,-87.63,41.77,-87.58,member
E1B0B38CCC19F108,electric_bike,2024-09-21 21:19:29.555 UTC,2024-09-21 21:30:23.805 UTC,,,,,41.8,-87.72,41.77,-87.72,casual
008FDA9A623F4B48,electric_bike,2024-04-28 15:43:00 UTC,2024-04-28 15:48:02 UTC,,,,,41.77,-87.63,41.77,-87.64,casual
3B93BF9C3650820D,electric_bike,2024-03-24 16:28:43 UTC,2024-03-24 16:38:46 UTC,,,,,41.78,-87.65,41.77,-87.66,casual
5DC84050C96CC357,electric_bike,2024-06-26 12:59:15.639 UTC,2024-06-26 13:15:24.458 UTC,,,,,41.77,-87.58,41.77,-87.58,member
9A7C4C0FE301119A,electric_bike,2024-08-16 10:46:12.39 UTC,2024-08-16 11:03:24.645 UTC,,,,,41.8,-87.71,41.77,-87.72,casual
04BFD1017C18C8E1,electric_bike,2024-10-05 13:30:13.174 UTC,2024-10-05 13:37:54.931 UTC,,,,,41.77,-87.58,41.77,-87.57,casual
F9786FD30943F5F5,electric_bike,2024-06-07 06:28:50.849 UTC,2024-06-07 06:32:34.686 UTC,,,,,41.77,-87.66,41.77,-87.66,casual
92E929123F450DA7,electric_bike,2024-06-01 07:18:47.076 UTC,2024-06-01 07:23:29.797 UTC,,,,,41.78,-87.67,41.77,-87.67,member
E09B0A852D735A1E,electric_bike,2024-03-25 08:18:38 UTC,2024-03-25 08:24:15 UTC,,,,,41.78,-87.66,41.77,-87.66,casual
9AB75B075F34C893,electric_bike,2024-06-16 14:12:00.016 UTC,2024-06-16 14:23:20.857 UTC,,,,,41.78,-87.77,41.77,-87.8,casual
1D34793F679CA0C1,electric_bike,2024-03-30 22:11:57 UTC,2024-03-30 22:19:16 UTC,,,,,41.78,-87.65,41.77,-87.66,casual
87F98D71F0CC83B6,electric_bike,2024-09-17 02:17:23.715 UTC,2024-09-17 02:23:40.501 UTC,,,,,41.77,-87.63,41.77,-87.64,casual
01D15C0C22182BE8,electric_bike,2024-07-31 08:56:05.02 UTC,2024-07-31 09:00:16.12 UTC,,,,,41.76,-87.56,41.77,-87.57,casual
FA6919CD13975106,electric_bike,2024-06-01 07:14:42.659 UTC,2024-06-01 07:41:43.132 UTC,,,,,41.81,-87.7,41.77,-87.7,casual
E731DCC012222519,electric_bike,2024-01-29 17:43:39 UTC,2024-01-29 17:50:55 UTC,,,,,41.77,-87.58,41.77,-87.56,member
381E2EA64635456C,electric_bike,2024-07-16 11:03:46.467 UTC,2024-07-16 11:36:18.415 UTC,,,,,41.72,-87.57,41.77,-87.58,member
D63254FA2E0956EB,electric_bike,2024-04-28 11:23:08 UTC,2024-04-28 11:27:00 UTC,,,,,41.78,-87.66,41.77,-87.66,casual
EFBC633852643505,electric_bike,2024-04-19 15:55:00 UTC,2024-04-19 15:58:26 UTC,,,,,41.77,-87.62,41.77,-87.63,casual
188C98D12B482D91,electric_bike,2024-08-24 15:15:32.885 UTC,2024-08-24 15:25:37.347 UTC,,,,,41.76,-87.59,41.77,-87.63,member
01EA1618B3C4CE44,electric_bike,2024-05-15 02:08:05 UTC,2024-05-15 02:13:26 UTC,,,,,41.77,-87.63,41.77,-87.63,member
FDFFDDDAC758CBB2,electric_bike,2024-01-05 21:22:42 UTC,2024-01-05 21:25:15 UTC,,,,,41.77,-87.63,41.77,-87.63,casual
AA6EBC97F1E876C9,electric_bike,2024-07-16 12:45:37.571 UTC,2024-07-16 12:49:09.685 UTC,,,,,41.77,-87.64,41.77,-87.63,casual
CAEB4BDBB44EFB94,electric_bike,2024-06-11 19:27:28.437 UTC,2024-06-11 19:42:50.338 UTC,,,,,41.77,-87.66,41.77,-87.66,casual
E4CAE3C28AD7BA93,electric_scooter,2024-09-06 23:05:29.032 UTC,2024-09-06 23:11:33.354 UTC,,,,,41.77,-87.63,41.77,-87.62,casual
358213CF6905EB69,electric_bike,2024-09-10 04:36:28.122 UTC,2024-09-10 04:39:57.823 UTC,,,,,41.77,-87.64,41.77,-87.63,casual
FE5BFA8EC670F050,electric_bike,2024-01-07 18:24:32 UTC,2024-01-07 18:35:16 UTC,,,,,41.77,-87.58,41.77,-87.57,member
0510F43CE9C848C1,electric_bike,2024-05-29 11:54:12 UTC,2024-05-29 11:59:04 UTC,,,,,41.77,-87.62,41.77,-87.63,casual
93B71203DEBFEEA7,electric_bike,2024-05-02 11:06:09 UTC,2024-05-02 11:23:56 UTC,,,,,41.78,-87.65,41.77,-87.65,casual
E6D91B21FEC9D1AF,electric_bike,2024-09-04 14:05:14.489 UTC,2024-09-04 14:22:00.771 UTC,,,,,41.77,-87.66,41.77,-87.6,casual
F9D97D3C9E387E61,electric_bike,2024-03-04 14:03:16 UTC,2024-03-04 14:08:56 UTC,,,,,41.78,-87.66,41.77,-87.66,casual
708FF96A5A24D4FB,electric_bike,2024-08-04 08:13:49.165 UTC,2024-08-04 08:25:55.865 UTC,,,,,41.75,-87.65,41.77,-87.63,casual
27676142F2C0C09C,electric_bike,2024-01-01 06:40:43 UTC,2024-01-01 06:44:36 UTC,,,,,41.77,-87.64,41.77,-87.63,casual
890C32EB0054B0F5,electric_bike,2024-04-16 15:41:20 UTC,2024-04-16 15:46:46 UTC,,,,,41.77,-87.66,41.77,-87.66,casual
BA43B31FCFF02252,electric_scooter,2024-09-25 21:04:30.161 UTC,2024-09-25 21:13:48.45 UTC,,,,,41.77,-87.57,41.77,-87.57,casual
BB27A217B242559F,electric_bike,2024-07-01 19:45:21.016 UTC,2024-07-01 19:48:22.266 UTC,,,,,41.77,-87.59,41.77,-87.59,member
E71B5BA365E54B20,electric_bike,2024-03-13 10:50:38 UTC,2024-03-13 10:54:12 UTC,,,,,41.77,-87.64,41.77,-87.63,casual
CEF823E870411CE7,electric_bike,2024-05-06 10:12:30 UTC,2024-05-06 10:16:55 UTC,,,,,41.77,-87.66,41.77,-87.66,casual
C3442408CB75778F,electric_scooter,2024-09-20 17:09:42.064 UTC,2024-09-20 17:36:24.481 UTC,,,,,41.77,-87.57,41.77,-87.57,casual
9AEE52E686939C35,electric_bike,2024-07-25 02:48:04.912 UTC,2024-07-25 02:49:38.416 UTC,,,,,41.77,-87.57,41.77,-87.58,member
1E900317A0E4C003,electric_bike,2024-10-26 12:39:21.734 UTC,2024-10-26 12:44:17.493 UTC,,,,,41.77,-87.57,41.77,-87.57,member
C33263B4A36B942C,electric_bike,2024-03-21 18:36:59 UTC,2024-03-21 18:42:20 UTC,,,,,41.77,-87.66,41.77,-87.66,casual
78D7D7840FD2C227,electric_bike,2024-05-17 21:27:21 UTC,2024-05-17 21:33:09 UTC,,,,,41.77,-87.63,41.77,-87.64,casual
078B6CCE64C47ADA,electric_bike,2024-06-23 21:25:20.638 UTC,2024-06-23 21:29:18.367 UTC,,,,,41.76,-87.56,41.77,-87.57,member
611BA0A88C84C7F3,electric_bike,2024-09-08 07:55:20.217 UTC,2024-09-08 08:00:35.021 UTC,,,,,41.77,-87.71,41.77,-87.71,casual
11CAEE3C7C517311,electric_bike,2024-07-04 20:39:16.719 UTC,2024-07-04 21:24:05.412 UTC,,,,,41.76,-87.61,41.77,-87.58,member
BD043F1E8D75C56A,electric_bike,2024-04-23 10:16:48 UTC,2024-04-23 10:20:15 UTC,,,,,41.77,-87.66,41.77,-87.66,casual
C8C33646FC933B28,electric_bike,2024-05-28 13:42:25 UTC,2024-05-28 21:42:23 UTC,,,,,41.89,-87.63,41.77,-87.65,member
D9E09439164B661F,electric_bike,2024-06-26 20:35:05.891 UTC,2024-06-26 20:39:11.949 UTC,,,,,41.77,-87.64,41.77,-87.63,casual
071BEE5EFD48231C,electric_bike,2024-06-17 07:20:32.884 UTC,2024-06-17 07:23:58.876 UTC,,,,,41.78,-87.67,41.77,-87.67,member
F31FDD3F0C2B23B3,electric_bike,2024-06-18 16:46:34.982 UTC,2024-06-18 17:25:40.189 UTC,,,,,41.77,-87.63,41.77,-87.63,casual
93B703F0A2108DD5,electric_bike,2024-07-03 19:17:09.39 UTC,2024-07-03 19:18:09.853 UTC,,,,,41.77,-87.68,41.77,-87.68,casual
385A862160E84352,electric_bike,2024-08-10 18:40:29.669 UTC,2024-08-10 19:54:18.272 UTC,,,,,41.8,-87.59,41.77,-87.57,member
E54E61CB471D6D82,electric_bike,2024-09-03 20:37:25.487 UTC,2024-09-03 20:40:44.748 UTC,,,,,41.77,-87.64,41.77,-87.63,casual
BCD2B2C81773E51B,electric_bike,2024-05-12 13:15:06 UTC,2024-05-12 13:22:18 UTC,,,,,41.77,-87.64,41.77,-87.64,casual
BF86F61F5E81D8A5,electric_bike,2024-09-18 12:50:53.483 UTC,2024-09-18 12:57:52.92 UTC,,,,,41.77,-87.57,41.77,-87.58,member
708B70EC0426B69E,electric_bike,2024-07-27 11:04:56.023 UTC,2024-07-27 11:23:42.729 UTC,,,,,41.78,-87.61,41.77,-87.56,member
3D0DADAC2CAF2B02,electric_bike,2024-03-10 12:52:53 UTC,2024-03-10 12:55:21 UTC,,,,,41.77,-87.66,41.77,-87.66,casual
B6095E2BEE04BEB7,electric_bike,2024-05-29 12:26:26 UTC,2024-05-29 12:41:27 UTC,,,,,41.77,-87.58,41.77,-87.62,member
9EFB7152F19C3B4D,electric_bike,2024-09-13 13:20:53.736 UTC,2024-09-13 13:26:35.158 UTC,,,,,41.76,-87.59,41.77,-87.59,member
97FBBA90891B7F45,electric_bike,2024-03-01 02:27:51 UTC,2024-03-01 02:43:56 UTC,,,,,41.77,-87.63,41.77,-87.64,casual
73A1CB852657C781,electric_bike,2024-07-25 19:14:37.97 UTC,2024-07-25 19:32:54.694 UTC,,,,,41.79,-87.58,41.77,-87.58,member
ADCA5631D39F45F0,electric_bike,2024-05-11 16:06:38 UTC,2024-05-11 17:34:24 UTC,,,,,41.78,-87.6,41.77,-87.59,member
4ABABA77B91D6EF0,electric_bike,2024-04-16 15:02:50 UTC,2024-04-16 15:11:15 UTC,,,,,41.78,-87.66,41.77,-87.66,casual
BD078344B3B3DC45,electric_scooter,2024-09-22 18:24:41.371 UTC,2024-09-22 18:38:37.468 UTC,,,,,41.77,-87.62,41.77,-87.62,casual
713874EE963E6CCD,electric_bike,2024-07-23 14:22:17.25 UTC,2024-07-23 14:53:02.807 UTC,,,,,41.74,-87.63,41.77,-87.66,member
87CA0743D2800C70,electric_bike,2024-08-15 02:26:42.249 UTC,2024-08-15 02:43:17.341 UTC,,,,,41.77,-87.63,41.77,-87.65,casual
A719F7D9D19D6DD9,electric_bike,2024-08-13 07:36:32.273 UTC,2024-08-13 07:46:09.236 UTC,,,,,41.75,-87.55,41.77,-87.57,casual
73BC1F91848A7F7E,electric_bike,2024-07-31 12:43:49.331 UTC,2024-07-31 12:49:42.378 UTC,,,,,41.77,-87.64,41.77,-87.63,casual
AA94084EB7C2EB0B,electric_bike,2024-12-13 15:24:26.746 UTC,2024-12-13 15:52:55.52 UTC,,,,,41.8,-87.59,41.77,-87.57,member
F423D0807D81386D,electric_scooter,2024-09-21 15:15:54.598 UTC,2024-09-21 16:52:46.014 UTC,,,,,41.76,-87.61,41.77,-87.62,casual
10BC6F280A32C6E6,electric_bike,2024-03-26 18:11:33 UTC,2024-03-26 18:17:08 UTC,,,,,41.77,-87.58,41.77,-87.58,member
10F0F6C636A03C3A,electric_bike,2024-07-26 11:00:32.884 UTC,2024-07-26 11:02:14.919 UTC,,,,,41.77,-87.58,41.77,-87.57,member
42F62C4AFB3A0CAC,electric_bike,2024-05-24 11:23:52 UTC,2024-05-24 11:32:49 UTC,,,,,41.77,-87.63,41.77,-87.6,casual
44814D9E81288209,electric_bike,2024-08-25 09:50:55.882 UTC,2024-08-25 10:02:02.105 UTC,,,,,41.79,-87.74,41.77,-87.74,member
6F105158418DD5C4,electric_bike,2024-05-27 20:24:17 UTC,2024-05-27 21:37:24 UTC,,,,,41.77,-87.58,41.77,-87.58,member
7A4A777FF1B573F0,electric_bike,2024-08-31 16:26:05.186 UTC,2024-08-31 16:45:00.968 UTC,,,,,41.77,-87.57,41.77,-87.57,member
6EDB70CFC741E5A2,electric_bike,2024-07-19 02:11:18.057 UTC,2024-07-19 02:21:44.027 UTC,,,,,41.77,-87.63,41.77,-87.64,casual
02E41A02679D1265,electric_bike,2024-12-25 15:51:49.035 UTC,2024-12-25 15:54:35.73 UTC,,,,,41.77,-87.63,41.77,-87.64,casual
3F1B34E8A67746E1,electric_bike,2024-05-29 17:11:05 UTC,2024-05-29 17:19:53 UTC,,,,,41.78,-87.66,41.77,-87.66,casual
0A3C0D2CA450435E,electric_bike,2024-06-13 13:40:28.235 UTC,2024-06-13 14:12:23.701 UTC,,,,,41.85,-87.62,41.77,-87.61,member
05C41FB273694006,electric_bike,2024-06-04 14:16:54.653 UTC,2024-06-04 14:20:48.599 UTC,,,,,41.77,-87.66,41.77,-87.66,casual
AA9789DA8470266F,electric_bike,2024-03-09 08:55:46 UTC,2024-03-09 09:01:15 UTC,,,,,41.77,-87.66,41.77,-87.66,casual
4CFA7A8E36DDBEA1,electric_bike,2024-08-02 03:40:39.295 UTC,2024-08-02 03:56:56.903 UTC,,,,,41.76,-87.66,41.77,-87.62,casual
5A86C1EF2D920AF9,electric_bike,2024-05-13 13:31:53 UTC,2024-05-13 13:42:43 UTC,,,,,41.77,-87.59,41.77,-87.63,member
17E6689A09685B0D,electric_bike,2024-06-08 13:59:57.559 UTC,2024-06-08 14:43:41.792 UTC,,,,,41.77,-87.63,41.77,-87.63,casual
7290D9BC0F02A511,electric_bike,2024-08-16 15:56:10.154 UTC,2024-08-16 16:00:04.761 UTC,,,,,41.77,-87.63,41.77,-87.63,casual
340254363FF73AAA,electric_bike,2024-05-03 16:57:51 UTC,2024-05-03 17:03:45 UTC,,,,,41.77,-87.66,41.77,-87.66,casual
8A4F34DD5397B757,electric_bike,2024-09-03 11:05:24.232 UTC,2024-09-03 11:13:07.494 UTC,,,,,41.76,-87.59,41.77,-87.58,member
AB908AD0CEF9B6D1,electric_bike,2024-09-29 17:08:32.347 UTC,2024-09-29 17:42:58.049 UTC,,,,,41.74,-87.59,41.77,-87.64,casual
A97DBECAF1E25B59,electric_bike,2024-02-11 14:23:32 UTC,2024-02-11 14:25:28 UTC,,,,,41.77,-87.64,41.77,-87.63,casual
D5A88B9F19125A58,electric_bike,2024-08-13 02:23:03.728 UTC,2024-08-13 02:29:44.574 UTC,,,,,41.77,-87.63,41.77,-87.64,casual
545DB1045D1FA016,electric_bike,2024-03-29 02:40:14 UTC,2024-03-29 02:45:14 UTC,,,,,41.77,-87.63,41.77,-87.64,casual
AB6D06FB08AFDE70,electric_bike,2024-05-08 17:18:10 UTC,2024-05-08 17:31:41 UTC,,,,,41.78,-87.61,41.77,-87.61,casual
2CEBF43FBE382B63,electric_bike,2024-03-21 12:17:49 UTC,2024-03-21 12:32:27 UTC,,,,,41.75,-87.58,41.77,-87.57,casual
55CD4E53BD4FCC19,electric_bike,2024-03-04 13:02:31 UTC,2024-03-04 13:09:53 UTC,,,,,41.79,-87.6,41.77,-87.61,casual
1F5AC6EB0F539598,electric_scooter,2024-09-19 15:40:41.16 UTC,2024-09-19 15:48:48.034 UTC,,,,,41.77,-87.59,41.77,-87.59,casual
D9311644C880671E,electric_bike,2024-07-30 12:43:17.96 UTC,2024-07-30 12:47:38.762 UTC,,,,,41.77,-87.64,41.77,-87.63,casual
56177B9EE75E187B,electric_bike,2024-12-14 10:36:26.857 UTC,2024-12-14 10:48:05.623 UTC,,,,,41.79,-87.58,41.77,-87.61,casual
C9A7E719F71289E2,electric_bike,2024-08-21 23:25:23.58 UTC,2024-08-21 23:39:51.05 UTC,,,,,41.8,-87.59,41.77,-87.58,casual
C02CAD522E6A4A6E,electric_bike,2024-03-07 02:36:25 UTC,2024-03-07 02:42:02 UTC,,,,,41.77,-87.63,41.77,-87.64,casual
6902B733DCA2D1A3,electric_bike,2024-09-25 15:11:58.511 UTC,2024-09-25 15:35:44.45 UTC,,,,,41.8,-87.66,41.77,-87.66,casual
349E613259C6A506,electric_bike,2024-08-10 01:56:06.497 UTC,2024-08-10 02:14:30.437 UTC,,,,,41.77,-87.58,41.77,-87.58,member
6A240F0A702361B2,electric_bike,2024-01-11 01:52:49 UTC,2024-01-11 02:00:40 UTC,,,,,41.77,-87.63,41.77,-87.64,casual
D1F3218C3ABBB4B9,electric_bike,2024-07-03 19:44:08.407 UTC,2024-07-03 19:46:52.283 UTC,,,,,41.77,-87.58,41.77,-87.57,casual
C93D4AE4B8EFE2B7,electric_bike,2024-05-17 12:08:37 UTC,2024-05-17 12:16:17 UTC,,,,,41.76,-87.61,41.77,-87.62,casual
